time,open,high,low,close,volume
2025-07-29 14:32:00,6413.3,6413.3,6412.58,6412.78,23
2025-07-29 14:33:00,6412.78,6412.8,6412.58,6412.58,27
2025-07-29 14:34:00,6412.6,6412.8,6412.27,6412.27,18
2025-07-29 14:35:00,6412.3,6412.57,6412.07,6412.07,17
2025-07-29 14:36:00,6412.1,6412.27,6411.77,6412.27,11
2025-07-29 14:37:00,6412.3,6412.31,6411.11,6411.11,20
2025-07-29 14:38:00,6411.11,6411.31,6410.77,6411.07,20
2025-07-29 14:39:00,6411.1,6411.1,6410.57,6410.57,13
2025-07-29 14:40:00,6410.6,6411.07,6410.27,6411.07,15
2025-07-29 14:41:00,6411.1,6412.13,6411.1,6411.83,11
2025-07-29 14:42:00,6411.8,6412.02,6411.32,6411.62,21
2025-07-29 14:43:00,6411.62,6412.81,6411.11,6412.81,35
2025-07-29 14:44:00,6412.8,6412.83,6412.33,6412.63,19
2025-07-29 14:45:00,6412.6,6413.13,6412.3,6413.13,20
2025-07-29 14:46:00,6413.1,6413.33,6412.63,6412.63,20
2025-07-29 14:47:00,6412.6,6413.31,6412.6,6413.11,25
2025-07-29 14:48:00,6413.1,6413.12,6412.6,6412.62,8
2025-07-29 14:49:00,6412.6,6412.78,6412.58,6412.58,7
2025-07-29 14:50:00,6412.6,6412.6,6412.28,6412.58,8
2025-07-29 14:51:00,6412.58,6413.29,6412.58,6413.09,38
2025-07-29 14:52:00,6413.09,6413.32,6412.82,6413.32,16
2025-07-29 14:53:00,6413.3,6413.33,6412.83,6413.33,17
2025-07-29 14:54:00,6413.3,6413.33,6412.83,6413.03,21
2025-07-29 14:55:00,6413.03,6413.31,6412.61,6413.31,21
2025-07-29 14:56:00,6413.3,6413.63,6413.13,6413.13,16
2025-07-29 14:57:00,6413.1,6413.61,6412.91,6413.61,12
2025-07-29 14:58:00,6413.6,6413.83,6413.33,6413.33,20
2025-07-29 14:59:00,6413.3,6413.61,6413.3,6413.31,32
2025-07-29 15:00:00,6413.31,6414.09,6413.29,6413.79,33
2025-07-29 15:01:00,6413.8,6414.12,6413.32,6413.62,26
2025-07-29 15:02:00,6413.6,6413.6,6413.09,6413.29,9
2025-07-29 15:03:00,6413.3,6413.58,6412.98,6413.58,9
2025-07-29 15:04:00,6413.6,6413.81,6413.31,6413.81,10
2025-07-29 15:05:00,6413.8,6414.12,6413.8,6413.82,16
2025-07-29 15:06:00,6413.8,6415.12,6413.8,6415.12,33
2025-07-29 15:07:00,6415.1,6415.22,6414.12,6414.32,20
2025-07-29 15:08:00,6414.3,6414.61,6414.1,6414.11,30
2025-07-29 15:09:00,6414.1,6414.1,6413.78,6414.08,25
2025-07-29 15:10:00,6414.1,6414.1,6413.79,6413.79,12
2025-07-29 15:11:00,6413.8,6413.8,6413.27,6413.57,13
2025-07-29 15:12:00,6413.6,6414.07,6413.57,6413.77,22
2025-07-29 15:13:00,6413.8,6414.12,6413.8,6413.82,9
2025-07-29 15:14:00,6413.8,6413.8,6412.79,6413.09,26
2025-07-29 15:15:00,6413.1,6413.6,6412.77,6412.77,16
2025-07-29 15:16:00,6412.8,6412.8,6411.77,6411.77,13
2025-07-29 15:17:00,6411.77,6413.07,6411.77,6412.77,28
2025-07-29 15:18:00,6412.8,6413.31,6412.8,6413.11,15
2025-07-29 15:19:00,6413.1,6413.12,6412.52,6412.82,8
2025-07-29 15:20:00,6412.82,6412.82,6411.78,6412.08,16
2025-07-29 15:21:00,6412.08,6412.3,6411.57,6411.57,18
2025-07-29 15:22:00,6411.6,6411.77,6411.27,6411.77,5
2025-07-29 15:23:00,6411.8,6411.81,6411.61,6411.71,21
2025-07-29 15:24:00,6411.71,6412.3,6411.58,6411.58,21
2025-07-29 15:25:00,6411.6,6411.6,6411.28,6411.28,15
2025-07-29 15:26:00,6411.3,6411.3,6411.07,6411.07,21
2025-07-29 15:27:00,6411.07,6411.17,6410.57,6410.57,16
2025-07-29 15:28:00,6410.6,6411.27,6410.27,6411.07,25
2025-07-29 15:29:00,6411.1,6411.32,6411.1,6411.12,18
2025-07-29 15:30:00,6411.1,6411.52,6410.82,6411.12,24
2025-07-29 15:31:00,6411.12,6411.72,6411.1,6411.12,21
2025-07-29 15:32:00,6411.1,6411.31,6410.81,6410.81,9
2025-07-29 15:33:00,6410.81,6411.6,6410.81,6411.58,13
2025-07-29 15:34:00,6411.6,6411.62,6411.32,6411.62,14
2025-07-29 15:35:00,6411.62,6411.62,6411.1,6411.32,14
2025-07-29 15:36:00,6411.3,6411.62,6410.72,6411.62,21
2025-07-29 15:37:00,6411.6,6412.12,6411.6,6411.82,17
2025-07-29 15:38:00,6411.8,6412.13,6411.8,6412.13,13
2025-07-29 15:39:00,6412.13,6412.62,6412.12,6412.12,15
2025-07-29 15:40:00,6412.1,6412.62,6411.82,6412.62,8
2025-07-29 15:41:00,6412.6,6412.82,6412.1,6412.12,10
2025-07-29 15:42:00,6412.1,6412.1,6411.09,6411.09,8
2025-07-29 15:43:00,6411.1,6411.57,6410.77,6410.77,16
2025-07-29 15:44:00,6410.8,6411.27,6410.77,6411.07,12
2025-07-29 15:45:00,6411.1,6411.1,6410.59,6410.79,14
2025-07-29 15:46:00,6410.79,6410.8,6410.59,6410.59,6
2025-07-29 15:47:00,6410.59,6410.6,6410.07,6410.07,31
2025-07-29 15:48:00,6410.1,6410.27,6410.07,6410.07,6
2025-07-29 15:49:00,6410.07,6410.6,6410.07,6410.27,26
2025-07-29 15:50:00,6410.3,6410.62,6410.1,6410.12,12
2025-07-29 15:51:00,6410.12,6410.32,6409.28,6409.58,19
2025-07-29 15:52:00,6409.58,6410.58,6409.28,6410.08,25
2025-07-29 15:53:00,6410.1,6410.12,6409.62,6409.82,8
2025-07-29 15:54:00,6409.8,6409.81,6408.81,6409.31,26
2025-07-29 15:55:00,6409.31,6409.31,6408.58,6409.28,18
2025-07-29 15:56:00,6409.3,6409.32,6408.32,6408.32,14
2025-07-29 15:57:00,6408.3,6408.3,6407.57,6408.07,23
2025-07-29 15:58:00,6408.07,6408.58,6407.77,6408.28,33
2025-07-29 15:59:00,6408.28,6409.12,6408.28,6409.12,17
2025-07-29 16:00:00,6409.1,6409.13,6408.33,6408.63,25
2025-07-29 16:01:00,6408.6,6408.62,6407.82,6408.22,15
2025-07-29 16:02:00,6408.22,6409.59,6408.09,6409.29,21
2025-07-29 16:03:00,6409.29,6410.13,6409.29,6410.13,20
2025-07-29 16:04:00,6410.1,6410.62,6409.92,6410.12,19
2025-07-29 16:05:00,6410.12,6410.12,6409.6,6409.62,32
2025-07-29 16:06:00,6409.6,6409.79,6409.29,6409.59,16
2025-07-29 16:07:00,6409.6,6410.62,6409.6,6410.32,11
2025-07-29 16:08:00,6410.3,6410.62,6409.62,6409.62,15
2025-07-29 16:09:00,6409.6,6410.08,6409.58,6409.58,7
2025-07-29 16:10:00,6409.6,6409.6,6408.78,6409.08,18
2025-07-29 16:11:00,6409.1,6409.58,6408.78,6409.08,23
2025-07-29 16:12:00,6409.1,6409.1,6408.29,6408.29,14
2025-07-29 16:13:00,6408.3,6409.28,6408.28,6409.28,18
2025-07-29 16:14:00,6409.3,6409.73,6409.3,6409.63,10
2025-07-29 16:15:00,6409.63,6409.63,6408.62,6408.82,29
2025-07-29 16:16:00,6408.8,6409.31,6408.8,6408.81,13
2025-07-29 16:17:00,6408.8,6409.28,6408.78,6409.28,18
2025-07-29 16:18:00,6409.3,6409.83,6409.3,6409.63,21
2025-07-29 16:19:00,6409.6,6410.12,6409.6,6409.82,16
2025-07-29 16:20:00,6409.8,6410.12,6409.6,6410.12,13
2025-07-29 16:21:00,6410.1,6411.62,6410.1,6411.62,26
2025-07-29 16:22:00,6411.6,6412.13,6411.33,6412.13,26
2025-07-29 16:23:00,6412.1,6412.12,6411.3,6411.82,21
2025-07-29 16:24:00,6411.8,6412.12,6411.32,6411.32,22
2025-07-29 16:25:00,6411.32,6411.32,6410.29,6411.29,42
2025-07-29 16:26:00,6411.3,6411.59,6411.09,6411.09,21
2025-07-29 16:27:00,6411.09,6411.3,6409.79,6409.79,31
2025-07-29 16:28:00,6409.79,6412.07,6409.79,6411.27,74
2025-07-29 16:29:00,6411.27,6412.32,6411.27,6411.82,76
2025-07-29 16:30:00,6411.82,6414.82,6411.32,6413.92,273
2025-07-29 16:31:00,6413.92,6414.42,6410.92,6410.92,285
2025-07-29 16:32:00,6410.92,6411.48,6408.28,6411.48,325
2025-07-29 16:33:00,6411.48,6411.59,6410.09,6410.89,254
2025-07-29 16:34:00,6410.89,6411.49,6410.09,6410.59,182
2025-07-29 16:35:00,6410.59,6411.58,6409.98,6411.08,181
2025-07-29 16:36:00,6411.1,6413.01,6410.31,6412.91,168
2025-07-29 16:37:00,6412.91,6413.01,6411.61,6411.91,159
2025-07-29 16:38:00,6411.91,6413.89,6411.91,6413.59,113
2025-07-29 16:39:00,6413.59,6413.92,6412.92,6413.82,118
2025-07-29 16:40:00,6413.82,6414.12,6413.01,6413.31,148
2025-07-29 16:41:00,6413.31,6413.78,6412.08,6412.38,109
2025-07-29 16:42:00,6412.38,6412.58,6410.28,6410.38,121
2025-07-29 16:43:00,6410.38,6410.58,6407.48,6407.98,188
2025-07-29 16:44:00,6407.98,6409.38,6407.48,6408.78,136
2025-07-29 16:45:00,6408.78,6409.92,6408.62,6408.92,165
2025-07-29 16:46:00,6408.92,6410.01,6408.11,6409.41,163
2025-07-29 16:47:00,6409.41,6409.62,6407.62,6408.32,91
2025-07-29 16:48:00,6408.32,6408.32,6405.78,6406.88,205
2025-07-29 16:49:00,6406.88,6407.09,6402.09,6405.29,239
2025-07-29 16:50:00,6405.29,6405.52,6400.52,6401.62,303
2025-07-29 16:51:00,6401.62,6404.13,6401.52,6403.63,226
2025-07-29 16:52:00,6403.63,6405.92,6402.92,6405.42,173
2025-07-29 16:53:00,6405.42,6406.42,6405.12,6405.32,159
2025-07-29 16:54:00,6405.32,6406.82,6404.52,6406.82,142
2025-07-29 16:55:00,6406.82,6406.82,6404.02,6404.62,169
2025-07-29 16:56:00,6404.62,6405.49,6403.99,6404.39,156
2025-07-29 16:57:00,6404.39,6408.91,6404.11,6408.11,186
2025-07-29 16:58:00,6408.11,6408.81,6408.0,6408.11,122
2025-07-29 16:59:00,6408.11,6408.42,6407.52,6407.92,114
2025-07-29 17:00:00,6407.92,6408.91,6407.01,6407.81,237
2025-07-29 17:01:00,6407.81,6408.48,6405.98,6406.88,218
2025-07-29 17:02:00,6406.88,6407.29,6405.59,6407.29,181
2025-07-29 17:03:00,6407.3,6407.61,6404.91,6405.01,207
2025-07-29 17:04:00,6405.01,6405.88,6404.38,6405.88,209
2025-07-29 17:05:00,6405.88,6407.12,6405.02,6406.82,194
2025-07-29 17:06:00,6406.82,6407.02,6404.62,6404.82,177
2025-07-29 17:07:00,6404.82,6405.78,6403.98,6405.08,186
2025-07-29 17:08:00,6405.08,6406.59,6404.89,6405.89,178
2025-07-29 17:09:00,6405.89,6406.51,6405.51,6405.51,150
2025-07-29 17:10:00,6405.51,6406.39,6403.99,6406.09,152
2025-07-29 17:11:00,6406.09,6407.82,6405.62,6406.02,116
2025-07-29 17:12:00,6406.02,6407.79,6406.02,6407.39,129
2025-07-29 17:13:00,6407.39,6407.92,6406.52,6407.02,123
2025-07-29 17:14:00,6407.02,6408.01,6406.81,6406.81,141
2025-07-29 17:15:00,6406.81,6408.39,6406.81,6407.89,127
2025-07-29 17:16:00,6407.89,6407.91,6406.01,6406.61,152
2025-07-29 17:17:00,6406.61,6407.29,6405.39,6405.79,153
2025-07-29 17:18:00,6405.79,6406.38,6405.38,6406.08,148
2025-07-29 17:19:00,6406.08,6407.39,6405.59,6407.09,106
2025-07-29 17:20:00,6407.1,6408.01,6406.01,6406.71,145
2025-07-29 17:21:00,6406.71,6406.98,6404.58,6405.38,176
2025-07-29 17:22:00,6405.38,6406.58,6404.38,6406.08,172
2025-07-29 17:23:00,6406.08,6407.09,6405.39,6405.49,142
2025-07-29 17:24:00,6405.49,6406.89,6405.39,6405.89,122
2025-07-29 17:25:00,6405.89,6405.99,6403.99,6404.39,153
2025-07-29 17:26:00,6404.39,6404.88,6403.78,6403.78,174
2025-07-29 17:27:00,6403.78,6403.8,6401.99,6403.49,203
2025-07-29 17:28:00,6403.49,6405.62,6403.32,6405.62,189
2025-07-29 17:29:00,6405.6,6406.32,6404.82,6405.82,160
2025-07-29 17:30:00,6405.82,6406.42,6405.32,6405.82,197
2025-07-29 17:31:00,6405.82,6406.31,6404.31,6405.11,193
2025-07-29 17:32:00,6405.11,6405.51,6404.31,6405.11,126
2025-07-29 17:33:00,6405.11,6405.41,6402.59,6403.29,160
2025-07-29 17:34:00,6403.29,6403.52,6402.82,6403.32,127
2025-07-29 17:35:00,6403.32,6404.82,6403.32,6404.62,138
2025-07-29 17:36:00,6404.62,6404.82,6402.82,6402.92,91
2025-07-29 17:37:00,6402.92,6403.28,6401.58,6402.48,130
2025-07-29 17:38:00,6402.48,6403.52,6402.48,6403.02,138
2025-07-29 17:39:00,6403.02,6403.42,6402.6,6403.12,103
2025-07-29 17:40:00,6403.12,6404.52,6402.82,6404.42,103
2025-07-29 17:41:00,6404.42,6404.62,6404.02,6404.32,113
2025-07-29 17:42:00,6404.3,6404.42,6402.62,6402.82,94
2025-07-29 17:43:00,6402.82,6402.88,6400.88,6401.58,126
2025-07-29 17:44:00,6401.6,6401.92,6399.92,6400.12,126
2025-07-29 17:45:00,6400.12,6401.1,6399.49,6399.79,157
2025-07-29 17:46:00,6399.79,6400.98,6399.69,6400.58,110
2025-07-29 17:47:00,6400.58,6401.43,6400.58,6401.13,71
2025-07-29 17:48:00,6401.1,6401.12,6399.42,6399.62,80
2025-07-29 17:49:00,6399.62,6399.98,6398.98,6399.58,100
2025-07-29 17:50:00,6399.58,6400.31,6398.91,6398.91,128
2025-07-29 17:51:00,6398.91,6399.47,6397.17,6397.57,105
2025-07-29 17:52:00,6397.57,6398.38,6395.48,6395.78,239
2025-07-29 17:53:00,6395.78,6395.92,6393.42,6394.62,236
2025-07-29 17:54:00,6394.62,6396.13,6394.4,6395.43,204
2025-07-29 17:55:00,6395.43,6396.13,6393.63,6395.63,188
2025-07-29 17:56:00,6395.63,6395.93,6393.63,6395.13,176
2025-07-29 17:57:00,6395.1,6395.53,6394.13,6394.63,139
2025-07-29 17:58:00,6394.63,6396.63,6393.83,6396.43,129
2025-07-29 17:59:00,6396.43,6396.43,6394.62,6395.32,147
2025-07-29 18:00:00,6395.32,6397.63,6395.03,6397.53,155
2025-07-29 18:01:00,6397.53,6398.32,6396.42,6396.42,141
2025-07-29 18:02:00,6396.4,6397.12,6394.62,6394.62,117
2025-07-29 18:03:00,6394.62,6394.92,6393.02,6394.42,136
2025-07-29 18:04:00,6394.42,6394.53,6393.13,6393.93,147
2025-07-29 18:05:00,6393.93,6394.63,6393.03,6393.03,172
2025-07-29 18:06:00,6393.03,6394.11,6392.31,6393.11,184
2025-07-29 18:07:00,6393.11,6393.21,6392.42,6392.62,131
2025-07-29 18:08:00,6392.62,6392.92,6391.42,6392.12,158
2025-07-29 18:09:00,6392.12,6393.03,6391.83,6392.93,127
2025-07-29 18:10:00,6392.93,6394.43,6392.33,6394.13,148
2025-07-29 18:11:00,6394.13,6395.13,6392.93,6394.93,105
2025-07-29 18:12:00,6394.9,6395.02,6392.52,6392.62,98
2025-07-29 18:13:00,6392.62,6394.02,6392.62,6393.12,94
2025-07-29 18:14:00,6393.12,6393.12,6391.92,6392.12,109
2025-07-29 18:15:00,6392.1,6392.42,6390.62,6390.82,148
2025-07-29 18:16:00,6390.82,6392.32,6390.22,6391.42,151
2025-07-29 18:17:00,6391.42,6391.52,6390.62,6390.92,93
2025-07-29 18:18:00,6390.92,6391.62,6390.02,6390.12,131
2025-07-29 18:19:00,6390.12,6390.88,6389.78,6389.98,104
2025-07-29 18:20:00,6389.98,6391.32,6389.52,6390.92,147
2025-07-29 18:21:00,6390.92,6390.93,6388.13,6388.33,138
2025-07-29 18:22:00,6388.33,6389.42,6387.52,6387.92,164
2025-07-29 18:23:00,6387.92,6389.52,6385.92,6389.32,187
2025-07-29 18:24:00,6389.32,6389.53,6387.43,6387.63,150
2025-07-29 18:25:00,6387.63,6388.02,6385.32,6385.52,173
2025-07-29 18:26:00,6385.52,6386.42,6384.62,6384.92,189
2025-07-29 18:27:00,6384.92,6386.12,6384.6,6384.92,122
2025-07-29 18:28:00,6384.92,6384.93,6382.33,6382.33,207
2025-07-29 18:29:00,6382.33,6382.43,6379.92,6381.12,279
2025-07-29 18:30:00,6381.12,6384.63,6380.52,6383.83,248
2025-07-29 18:31:00,6383.83,6383.93,6379.53,6379.53,204
2025-07-29 18:32:00,6379.53,6383.63,6379.33,6383.63,188
2025-07-29 18:33:00,6383.63,6385.41,6383.41,6385.11,174
2025-07-29 18:34:00,6385.11,6385.52,6383.62,6383.92,166
2025-07-29 18:35:00,6383.92,6383.92,6382.32,6383.52,200
2025-07-29 18:36:00,6383.52,6383.92,6382.12,6382.92,224
2025-07-29 18:37:00,6382.9,6384.32,6382.42,6384.32,144
2025-07-29 18:38:00,6384.32,6384.33,6382.63,6383.13,161
2025-07-29 18:39:00,6383.1,6383.13,6381.03,6381.03,165
2025-07-29 18:40:00,6381.03,6381.92,6380.52,6381.02,157
2025-07-29 18:41:00,6381.0,6381.03,6376.83,6376.93,250
2025-07-29 18:42:00,6376.93,6377.82,6375.12,6375.92,312
2025-07-29 18:43:00,6375.92,6377.83,6375.03,6376.53,267
2025-07-29 18:44:00,6376.53,6380.42,6376.42,6379.32,183
2025-07-29 18:45:00,6379.32,6383.32,6379.3,6383.02,193
2025-07-29 18:46:00,6383.02,6383.51,6381.51,6381.51,180
2025-07-29 18:47:00,6381.51,6384.92,6381.02,6384.92,186
2025-07-29 18:48:00,6384.92,6385.58,6383.98,6385.08,204
2025-07-29 18:49:00,6385.08,6387.88,6384.58,6386.48,247
2025-07-29 18:50:00,6386.48,6389.39,6385.59,6388.49,234
2025-07-29 18:51:00,6388.49,6389.78,6387.78,6388.78,200
2025-07-29 18:52:00,6388.78,6389.27,6387.27,6387.47,204
2025-07-29 18:53:00,6387.47,6389.48,6387.37,6389.48,148
2025-07-29 18:54:00,6389.5,6389.5,6388.48,6388.88,110
2025-07-29 18:55:00,6388.9,6389.98,6388.78,6389.48,122
2025-07-29 18:56:00,6389.48,6390.28,6388.78,6388.98,113
2025-07-29 18:57:00,6388.98,6389.28,6387.08,6388.28,147
2025-07-29 18:58:00,6388.28,6389.08,6388.08,6388.28,91
2025-07-29 18:59:00,6388.3,6388.3,6387.08,6387.08,92
2025-07-29 19:00:00,6387.08,6388.48,6386.78,6387.98,166
2025-07-29 19:01:00,6387.98,6388.38,6387.08,6387.98,144
2025-07-29 19:02:00,6387.98,6388.58,6386.38,6387.58,125
2025-07-29 19:03:00,6387.58,6388.28,6385.78,6386.28,147
2025-07-29 19:04:00,6386.28,6387.98,6385.28,6387.58,136
2025-07-29 19:05:00,6387.58,6388.58,6387.38,6388.08,143
2025-07-29 19:06:00,6388.08,6388.61,6387.61,6387.91,101
2025-07-29 19:07:00,6387.91,6387.91,6385.29,6385.79,133
2025-07-29 19:08:00,6385.79,6386.4,6385.28,6385.48,156
2025-07-29 19:09:00,6385.48,6386.79,6385.39,6385.89,141
2025-07-29 19:10:00,6385.89,6387.39,6385.09,6385.59,130
2025-07-29 19:11:00,6385.6,6386.61,6383.31,6384.41,167
2025-07-29 19:12:00,6384.41,6385.09,6383.89,6383.99,138
2025-07-29 19:13:00,6384.0,6384.89,6383.49,6384.79,127
2025-07-29 19:14:00,6384.8,6385.11,6384.11,6384.91,109
2025-07-29 19:15:00,6384.91,6385.91,6384.41,6384.41,146
2025-07-29 19:16:00,6384.41,6386.09,6384.41,6385.09,155
2025-07-29 19:17:00,6385.09,6386.01,6384.6,6385.01,164
2025-07-29 19:18:00,6385.01,6385.32,6384.02,6384.92,130
2025-07-29 19:19:00,6384.92,6386.02,6384.32,6385.62,148
2025-07-29 19:20:00,6385.6,6386.42,6384.32,6385.12,142
2025-07-29 19:21:00,6385.1,6385.61,6384.31,6384.91,112
2025-07-29 19:22:00,6384.91,6385.91,6384.81,6384.91,103
2025-07-29 19:23:00,6384.91,6385.81,6384.41,6385.11,95
2025-07-29 19:24:00,6385.11,6385.31,6384.12,6384.42,118
2025-07-29 19:25:00,6384.4,6384.89,6383.59,6383.59,110
2025-07-29 19:26:00,6383.59,6386.08,6383.38,6385.98,132
2025-07-29 19:27:00,6385.98,6386.13,6382.43,6382.53,175
2025-07-29 19:28:00,6382.53,6385.38,6382.53,6383.58,155
2025-07-29 19:29:00,6383.58,6385.31,6383.51,6385.01,169
2025-07-29 19:30:00,6385.01,6387.32,6384.42,6387.12,150
2025-07-29 19:31:00,6387.12,6387.12,6385.52,6385.82,149
2025-07-29 19:32:00,6385.82,6386.11,6384.61,6384.91,125
2025-07-29 19:33:00,6384.9,6385.01,6383.41,6383.61,117
2025-07-29 19:34:00,6383.61,6383.98,6383.28,6383.28,102
2025-07-29 19:35:00,6383.28,6383.59,6381.99,6383.29,134
2025-07-29 19:36:00,6383.29,6384.01,6381.91,6383.41,121
2025-07-29 19:37:00,6383.41,6383.42,6382.02,6382.02,113
2025-07-29 19:38:00,6382.02,6382.61,6380.41,6380.41,133
2025-07-29 19:39:00,6380.41,6381.62,6379.02,6380.32,181
2025-07-29 19:40:00,6380.32,6381.82,6380.12,6381.42,154
2025-07-29 19:41:00,6381.42,6384.23,6381.33,6383.93,135
2025-07-29 19:42:00,6383.93,6384.52,6383.32,6384.12,116
2025-07-29 19:43:00,6384.12,6384.52,6383.32,6383.92,141
2025-07-29 19:44:00,6383.92,6385.42,6383.52,6385.32,101
2025-07-29 19:45:00,6385.32,6385.32,6383.52,6383.82,126
2025-07-29 19:46:00,6383.82,6385.01,6383.31,6384.91,114
2025-07-29 19:47:00,6384.91,6385.62,6384.91,6385.42,84
2025-07-29 19:48:00,6385.4,6385.92,6384.02,6384.02,107
2025-07-29 19:49:00,6384.02,6384.18,6383.38,6383.88,79
2025-07-29 19:50:00,6383.88,6385.31,6383.61,6384.81,91
2025-07-29 19:51:00,6384.8,6385.39,6384.49,6384.79,81
2025-07-29 19:52:00,6384.79,6385.28,6384.38,6385.08,72
2025-07-29 19:53:00,6385.08,6386.62,6384.88,6386.52,83
2025-07-29 19:54:00,6386.52,6386.92,6386.32,6386.92,69
2025-07-29 19:55:00,6386.92,6388.92,6386.8,6388.62,118
2025-07-29 19:56:00,6388.62,6388.82,6387.98,6388.58,77
2025-07-29 19:57:00,6388.6,6389.49,6388.59,6389.09,88
2025-07-29 19:58:00,6389.09,6390.08,6389.09,6389.78,54
2025-07-29 19:59:00,6389.8,6390.38,6389.48,6390.08,47
2025-07-29 20:00:00,6390.08,6390.08,6389.08,6389.58,87
2025-07-29 20:01:00,6389.6,6390.9,6389.58,6390.38,55
2025-07-29 20:02:00,6390.4,6392.58,6389.88,6392.08,151
2025-07-29 20:03:00,6392.08,6392.98,6391.98,6392.58,103
2025-07-29 20:04:00,6392.58,6393.48,6392.58,6392.78,105
2025-07-29 20:05:00,6392.8,6393.28,6392.08,6392.28,82
2025-07-29 20:06:00,6392.3,6392.77,6391.37,6392.57,76
2025-07-29 20:07:00,6392.6,6393.48,6391.58,6391.98,97
2025-07-29 20:08:00,6392.0,6392.38,6391.48,6391.58,63
2025-07-29 20:09:00,6391.6,6392.08,6390.98,6391.08,68
2025-07-29 20:10:00,6391.08,6392.38,6391.08,6392.08,70
2025-07-29 20:11:00,6392.1,6392.48,6391.88,6392.38,44
2025-07-29 20:12:00,6392.38,6392.79,6391.99,6392.59,48
2025-07-29 20:13:00,6392.6,6392.78,6392.28,6392.38,52
2025-07-29 20:14:00,6392.38,6392.4,6391.49,6392.09,55
2025-07-29 20:15:00,6392.1,6393.48,6391.98,6393.48,46
2025-07-29 20:16:00,6393.5,6393.82,6392.92,6393.62,56
2025-07-29 20:17:00,6393.6,6393.61,6392.8,6393.01,56
2025-07-29 20:18:00,6393.0,6393.08,6391.48,6391.48,58
2025-07-29 20:19:00,6391.5,6392.07,6391.37,6391.77,64
2025-07-29 20:20:00,6391.8,6391.8,6390.88,6391.48,60
2025-07-29 20:21:00,6391.5,6391.5,6389.98,6390.88,59
2025-07-29 20:22:00,6390.9,6391.11,6390.31,6390.91,49
2025-07-29 20:23:00,6390.9,6391.09,6390.29,6390.99,57
2025-07-29 20:24:00,6390.99,6391.42,6390.02,6390.52,49
2025-07-29 20:25:00,6390.52,6391.58,6390.38,6391.38,63
2025-07-29 20:26:00,6391.38,6391.42,6390.02,6390.32,89
2025-07-29 20:27:00,6390.32,6390.48,6389.58,6390.38,73
2025-07-29 20:28:00,6390.38,6393.12,6388.72,6389.92,220
2025-07-29 20:29:00,6389.92,6390.88,6389.78,6389.98,98
2025-07-29 20:30:00,6389.98,6392.08,6389.88,6391.28,111
2025-07-29 20:31:00,6391.28,6391.62,6390.52,6390.92,99
2025-07-29 20:32:00,6390.92,6391.09,6390.39,6390.59,91
2025-07-29 20:33:00,6390.6,6390.89,6389.49,6389.89,69
2025-07-29 20:34:00,6389.89,6390.38,6389.28,6389.38,64
2025-07-29 20:35:00,6389.38,6389.6,6387.87,6388.07,110
2025-07-29 20:36:00,6388.07,6389.38,6387.98,6388.98,110
2025-07-29 20:37:00,6388.98,6389.02,6387.12,6387.32,68
2025-07-29 20:38:00,6387.3,6387.47,6381.37,6385.47,309
2025-07-29 20:39:00,6385.47,6385.62,6384.52,6384.62,171
2025-07-29 20:40:00,6384.62,6384.82,6383.51,6384.51,119
2025-07-29 20:41:00,6384.51,6385.02,6382.82,6382.92,112
2025-07-29 20:42:00,6382.92,6383.12,6380.08,6380.38,205
2025-07-29 20:43:00,6380.38,6380.92,6378.42,6379.62,204
2025-07-29 20:44:00,6379.62,6380.93,6379.4,6380.63,146
2025-07-29 20:45:00,6380.63,6381.93,6380.03,6381.03,135
2025-07-29 20:46:00,6381.03,6381.82,6379.42,6379.52,134
2025-07-29 20:47:00,6379.52,6381.42,6379.12,6381.42,116
2025-07-29 20:48:00,6381.4,6381.42,6380.52,6380.92,75
2025-07-29 20:49:00,6380.92,6380.92,6378.52,6379.02,123
2025-07-29 20:50:00,6379.02,6379.42,6377.52,6377.92,120
2025-07-29 20:51:00,6377.92,6380.42,6377.62,6379.62,127
2025-07-29 20:52:00,6379.62,6379.93,6378.43,6378.83,123
2025-07-29 20:53:00,6378.83,6380.43,6378.53,6380.33,105
2025-07-29 20:54:00,6380.3,6381.63,6379.93,6381.03,103
2025-07-29 20:55:00,6381.0,6383.42,6380.92,6383.12,90
2025-07-29 20:56:00,6383.12,6383.62,6382.62,6383.52,98
2025-07-29 20:57:00,6383.52,6384.32,6383.12,6383.52,90
2025-07-29 20:58:00,6383.52,6384.42,6383.32,6384.32,77
2025-07-29 20:59:00,6384.3,6384.52,6383.42,6384.12,61
2025-07-29 21:00:00,6384.12,6384.32,6382.62,6384.02,92
2025-07-29 21:01:00,6384.02,6385.09,6383.99,6384.89,83
2025-07-29 21:02:00,6384.9,6385.51,6384.41,6384.61,83
2025-07-29 21:03:00,6384.61,6385.28,6384.08,6384.58,59
2025-07-29 21:04:00,6384.58,6385.39,6384.39,6385.39,68
2025-07-29 21:05:00,6385.4,6385.62,6383.02,6384.92,89
2025-07-29 21:06:00,6384.92,6385.11,6384.31,6384.41,81
2025-07-29 21:07:00,6384.4,6385.09,6383.79,6384.59,85
2025-07-29 21:08:00,6384.59,6385.02,6383.62,6383.92,67
2025-07-29 21:09:00,6383.92,6383.92,6381.58,6381.88,91
2025-07-29 21:10:00,6381.88,6382.38,6381.28,6382.28,104
2025-07-29 21:11:00,6382.28,6382.4,6381.49,6381.79,81
2025-07-29 21:12:00,6381.79,6381.89,6380.89,6380.99,71
2025-07-29 21:13:00,6380.99,6383.08,6380.98,6382.78,69
2025-07-29 21:14:00,6382.78,6383.09,6382.29,6382.89,55
2025-07-29 21:15:00,6382.89,6383.32,6382.52,6383.12,64
2025-07-29 21:16:00,6383.12,6384.12,6382.12,6383.62,73
2025-07-29 21:17:00,6383.6,6385.42,6383.42,6385.02,69
2025-07-29 21:18:00,6385.02,6385.12,6384.12,6384.52,63
2025-07-29 21:19:00,6384.52,6384.82,6383.92,6384.62,52
2025-07-29 21:20:00,6384.6,6384.92,6381.32,6381.32,74
2025-07-29 21:21:00,6381.32,6382.48,6381.28,6382.28,95
2025-07-29 21:22:00,6382.28,6382.89,6380.89,6380.89,91
2025-07-29 21:23:00,6380.89,6380.89,6379.98,6380.08,66
2025-07-29 21:24:00,6380.08,6381.09,6379.88,6380.39,83
2025-07-29 21:25:00,6380.39,6381.11,6379.51,6380.01,95
2025-07-29 21:26:00,6380.01,6380.62,6379.9,6380.12,81
2025-07-29 21:27:00,6380.1,6380.42,6379.32,6380.42,125
2025-07-29 21:28:00,6380.42,6381.12,6380.32,6380.52,96
2025-07-29 21:29:00,6380.52,6381.42,6380.5,6381.02,72
2025-07-29 21:30:00,6381.02,6383.02,6380.8,6382.52,90
2025-07-29 21:31:00,6382.52,6384.02,6382.52,6383.82,67
2025-07-29 21:32:00,6383.82,6384.62,6383.62,6384.32,71
2025-07-29 21:33:00,6384.3,6384.61,6384.11,6384.11,30
2025-07-29 21:34:00,6384.1,6384.41,6383.81,6383.81,67
2025-07-29 21:35:00,6383.8,6383.88,6382.88,6383.08,64
2025-07-29 21:36:00,6383.08,6383.89,6382.89,6383.89,39
2025-07-29 21:37:00,6383.89,6384.61,6383.61,6384.51,45
2025-07-29 21:38:00,6384.5,6385.32,6384.32,6385.12,49
2025-07-29 21:39:00,6385.1,6385.32,6384.82,6385.32,37
2025-07-29 21:40:00,6385.3,6386.52,6385.3,6386.32,66
2025-07-29 21:41:00,6386.32,6386.42,6385.01,6385.31,58
2025-07-29 21:42:00,6385.3,6385.38,6383.88,6384.08,70
2025-07-29 21:43:00,6384.1,6384.38,6383.58,6384.08,73
2025-07-29 21:44:00,6384.1,6385.38,6383.98,6384.48,64
2025-07-29 21:45:00,6384.48,6385.38,6384.48,6385.08,55
2025-07-29 21:46:00,6385.08,6385.11,6384.01,6384.01,43
2025-07-29 21:47:00,6384.0,6384.37,6382.87,6383.27,66
2025-07-29 21:48:00,6383.27,6383.38,6382.48,6382.98,88
2025-07-29 21:49:00,6382.98,6383.38,6382.88,6383.38,57
2025-07-29 21:50:00,6383.38,6384.41,6382.91,6383.31,69
2025-07-29 21:51:00,6383.31,6383.5,6382.29,6383.29,93
2025-07-29 21:52:00,6383.3,6383.41,6382.01,6382.01,78
2025-07-29 21:53:00,6382.01,6382.47,6381.77,6382.37,70
2025-07-29 21:54:00,6382.37,6382.59,6382.09,6382.59,51
2025-07-29 21:55:00,6382.59,6382.62,6381.82,6382.02,68
2025-07-29 21:56:00,6382.02,6382.28,6379.98,6379.98,75
2025-07-29 21:57:00,6379.98,6381.28,6379.98,6380.28,71
2025-07-29 21:58:00,6380.28,6381.88,6380.18,6381.48,81
2025-07-29 21:59:00,6381.48,6382.02,6381.02,6381.32,93
2025-07-29 22:00:00,6381.32,6381.62,6380.52,6381.02,79
2025-07-29 22:01:00,6381.0,6381.92,6380.82,6381.62,71
2025-07-29 22:02:00,6381.62,6382.42,6381.52,6381.62,78
2025-07-29 22:03:00,6381.62,6382.41,6381.01,6381.81,79
2025-07-29 22:04:00,6381.81,6382.12,6381.42,6382.12,63
2025-07-29 22:05:00,6382.1,6382.82,6381.82,6382.62,87
2025-07-29 22:06:00,6382.62,6382.82,6381.93,6382.43,58
2025-07-29 22:07:00,6382.4,6383.62,6382.4,6383.42,43
2025-07-29 22:08:00,6383.42,6383.62,6382.82,6383.52,65
2025-07-29 22:09:00,6383.5,6383.52,6381.92,6382.52,66
2025-07-29 22:10:00,6382.52,6383.02,6382.02,6382.12,73
2025-07-29 22:11:00,6382.1,6382.38,6380.58,6381.08,78
2025-07-29 22:12:00,6381.08,6382.41,6380.98,6382.01,60
2025-07-29 22:13:00,6382.01,6383.42,6381.92,6383.42,67
2025-07-29 22:14:00,6383.4,6383.93,6383.4,6383.63,60
2025-07-29 22:15:00,6383.63,6383.93,6382.92,6383.12,79
2025-07-29 22:16:00,6383.12,6383.81,6382.91,6383.51,50
2025-07-29 22:17:00,6383.51,6384.02,6381.52,6381.92,84
2025-07-29 22:18:00,6381.9,6381.9,6380.78,6380.98,86
2025-07-29 22:19:00,6380.98,6382.08,6380.98,6381.88,80
2025-07-29 22:20:00,6381.88,6382.82,6381.62,6382.42,62
2025-07-29 22:21:00,6382.42,6382.62,6381.02,6382.02,63
2025-07-29 22:22:00,6382.02,6382.02,6380.31,6380.81,80
2025-07-29 22:23:00,6380.81,6380.87,6380.27,6380.57,88
2025-07-29 22:24:00,6380.57,6381.38,6380.57,6380.88,68
2025-07-29 22:25:00,6380.88,6380.99,6380.29,6380.39,64
2025-07-29 22:26:00,6380.39,6380.48,6379.88,6379.88,61
2025-07-29 22:27:00,6379.88,6380.0,6378.78,6379.48,83
2025-07-29 22:28:00,6379.48,6379.82,6378.92,6379.32,53
2025-07-29 22:29:00,6379.32,6379.61,6378.41,6378.61,70
2025-07-29 22:30:00,6378.61,6380.08,6378.61,6379.78,96
2025-07-29 22:31:00,6379.88,6380.28,6379.28,6379.28,66
2025-07-29 22:32:00,6379.38,6380.38,6378.98,6379.28,78
2025-07-29 22:33:00,6379.38,6379.78,6378.98,6379.38,53
2025-07-29 22:34:00,6379.48,6379.78,6377.98,6378.28,56
2025-07-29 22:35:00,6378.38,6378.38,6375.38,6375.88,181
2025-07-29 22:36:00,6375.78,6375.78,6373.28,6374.78,207
2025-07-29 22:37:00,6374.98,6376.78,6374.48,6374.48,138
2025-07-29 22:38:00,6374.38,6374.58,6372.88,6372.88,161
2025-07-29 22:39:00,6372.88,6373.08,6371.18,6371.68,168
2025-07-29 22:40:00,6371.48,6374.48,6371.28,6374.48,144
2025-07-29 22:41:00,6374.58,6374.88,6373.08,6373.78,100
2025-07-29 22:42:00,6373.88,6374.08,6372.38,6372.38,79
2025-07-29 22:43:00,6372.28,6373.48,6371.98,6373.08,95
2025-07-29 22:44:00,6372.98,6375.48,6372.98,6375.28,94
2025-07-29 22:45:00,6375.38,6377.08,6375.28,6377.08,109
2025-07-29 22:46:00,6376.98,6377.58,6376.78,6376.78,92
2025-07-29 22:47:00,6376.58,6377.98,6376.48,6377.88,68
2025-07-29 22:48:00,6377.98,6378.48,6377.38,6377.88,63
2025-07-29 22:49:00,6377.78,6379.28,6377.78,6378.88,34
2025-07-29 22:50:00,6378.58,6380.08,6376.58,6378.58,141
2025-07-29 22:51:00,6378.78,6379.08,6377.58,6378.08,102
2025-07-29 22:52:00,6377.88,6378.38,6376.78,6376.98,115
2025-07-29 22:53:00,6377.48,6379.28,6377.38,6378.98,82
2025-07-29 22:54:00,6378.88,6379.98,6378.48,6379.48,118
2025-07-29 22:55:00,6378.08,6379.38,6376.98,6378.38,160
2025-07-29 22:56:00,6378.48,6378.48,6376.58,6377.38,116
2025-07-29 22:57:00,6377.48,6378.38,6376.58,6377.88,133
2025-07-29 22:58:00,6377.98,6378.98,6377.58,6378.38,118
2025-07-29 22:59:00,6378.08,6382.58,6377.88,6380.88,255
2025-07-29 23:00:00,6380.88,6381.48,6378.88,6380.78,182
2025-07-29 23:01:00,6380.88,6382.08,6380.48,6381.08,99
2025-07-29 23:02:00,6381.08,6381.48,6379.48,6379.48,64
2025-07-29 23:03:00,6379.78,6380.48,6379.78,6380.38,45
2025-07-29 23:04:00,6380.38,6380.38,6379.58,6379.98,16
2025-07-29 23:05:00,6379.88,6380.38,6379.28,6380.38,36
2025-07-29 23:06:00,6380.48,6380.58,6379.58,6379.88,25
2025-07-29 23:07:00,6379.78,6380.08,6379.58,6379.58,31
2025-07-29 23:08:00,6379.58,6379.58,6378.58,6378.98,31
2025-07-29 23:09:00,6379.08,6379.28,6378.48,6378.48,34
2025-07-29 23:10:00,6378.38,6378.88,6378.08,6378.28,39
2025-07-29 23:11:00,6378.28,6378.88,6378.18,6378.78,15
2025-07-29 23:12:00,6378.88,6378.88,6378.28,6378.48,36
2025-07-29 23:13:00,6378.58,6379.58,6378.48,6379.58,25
2025-07-29 23:14:00,6379.48,6379.58,6378.78,6378.78,58
2025-07-29 23:15:00,6378.88,6378.88,6378.38,6378.78,31
2025-07-29 23:16:00,6378.58,6378.58,6378.28,6378.38,29
2025-07-29 23:17:00,6378.48,6378.58,6378.08,6378.38,25
2025-07-29 23:18:00,6378.28,6378.88,6378.28,6378.58,12
2025-07-29 23:19:00,6378.68,6379.08,6378.58,6378.88,18
2025-07-29 23:20:00,6378.98,6378.98,6378.68,6378.78,9
2025-07-29 23:21:00,6378.78,6378.88,6378.48,6378.88,4
2025-07-29 23:22:00,6378.78,6378.78,6377.88,6377.98,15
2025-07-29 23:23:00,6377.88,6377.98,6376.98,6376.98,22
2025-07-29 23:24:00,6377.38,6378.08,6377.38,6377.98,16
2025-07-29 23:25:00,6377.88,6378.48,6377.88,6378.48,14
2025-07-29 23:26:00,6378.38,6378.58,6378.08,6378.28,11
2025-07-29 23:27:00,6378.08,6378.48,6377.78,6378.38,19
2025-07-29 23:28:00,6378.28,6378.58,6378.08,6378.48,20
2025-07-29 23:29:00,6378.58,6378.78,6378.38,6378.38,14
2025-07-29 23:30:00,6378.28,6378.38,6378.08,6378.08,11
2025-07-29 23:31:00,6377.98,6378.08,6377.78,6377.98,24
2025-07-29 23:32:00,6377.88,6377.98,6377.78,6377.88,9
2025-07-29 23:33:00,6377.88,6378.38,6377.88,6378.28,7
2025-07-29 23:34:00,6378.38,6378.78,6378.28,6378.48,20
2025-07-29 23:35:00,6378.58,6378.58,6377.98,6378.38,19
2025-07-29 23:36:00,6378.38,6378.78,6378.38,6378.78,11
2025-07-29 23:37:00,6378.88,6379.08,6378.48,6378.58,8
2025-07-29 23:38:00,6378.48,6378.48,6378.38,6378.48,21
2025-07-29 23:39:00,6378.58,6378.58,6378.08,6378.08,9
2025-07-29 23:40:00,6378.28,6378.38,6378.28,6378.28,3
2025-07-29 23:41:00,6378.28,6378.38,6377.98,6377.98,9
2025-07-29 23:42:00,6377.88,6377.98,6377.78,6377.98,8
2025-07-29 23:43:00,6377.88,6377.88,6377.48,6377.48,11
2025-07-29 23:44:00,6377.58,6377.78,6377.48,6377.48,12
2025-07-29 23:45:00,6377.48,6377.58,6377.08,6377.58,6
2025-07-29 23:46:00,6377.48,6377.88,6377.38,6377.48,8
2025-07-29 23:47:00,6377.58,6377.98,6377.48,6377.98,20
2025-07-29 23:48:00,6378.08,6378.08,6377.98,6377.98,18
2025-07-29 23:49:00,6378.08,6378.28,6377.98,6378.08,5
2025-07-29 23:50:00,6377.98,6378.38,6377.88,6378.28,11
2025-07-29 23:51:00,6378.08,6378.38,6377.98,6378.38,16
2025-07-29 23:52:00,6378.38,6378.48,6378.08,6378.38,10
2025-07-29 23:53:00,6378.28,6378.28,6378.08,6378.08,14
2025-07-29 23:54:00,6377.98,6378.08,6377.58,6377.58,18
2025-07-29 23:55:00,6377.58,6377.78,6377.48,6377.78,7
2025-07-29 23:56:00,6377.58,6378.08,6377.58,6378.08,7
2025-07-29 23:57:00,6378.28,6378.58,6377.88,6377.88,11
2025-07-29 23:58:00,6377.58,6378.28,6377.58,6377.98,13
2025-07-29 23:59:00,6378.08,6378.38,6378.08,6378.08,5
2025-07-30 01:00:00,6379.28,6382.28,6378.58,6381.48,79
2025-07-30 01:01:00,6381.58,6382.38,6380.38,6380.38,55
2025-07-30 01:02:00,6380.58,6381.48,6380.18,6381.28,22
2025-07-30 01:03:00,6381.38,6383.38,6381.18,6383.38,52
2025-07-30 01:04:00,6383.38,6383.38,6382.58,6383.38,25
2025-07-30 01:05:00,6383.18,6383.48,6382.58,6382.88,36
2025-07-30 01:06:00,6383.28,6383.38,6382.38,6382.88,19
2025-07-30 01:07:00,6383.08,6383.58,6382.38,6382.38,30
2025-07-30 01:08:00,6382.38,6382.38,6381.08,6381.38,17
2025-07-30 01:09:00,6381.58,6381.58,6381.28,6381.58,5
2025-07-30 01:10:00,6381.38,6382.08,6381.38,6381.88,16
2025-07-30 01:11:00,6381.88,6382.08,6381.58,6381.88,9
2025-07-30 01:12:00,6381.88,6381.88,6381.38,6381.38,3
2025-07-30 01:13:00,6381.38,6381.38,6380.98,6381.38,4
2025-07-30 01:14:00,6381.38,6381.38,6380.88,6381.08,11
2025-07-30 01:15:00,6381.08,6382.38,6381.08,6382.38,13
2025-07-30 01:16:00,6382.38,6382.58,6382.38,6382.38,4
2025-07-30 01:17:00,6382.38,6382.58,6382.38,6382.58,10
2025-07-30 01:18:00,6382.58,6382.58,6381.88,6381.88,4
2025-07-30 01:19:00,6381.88,6382.08,6381.38,6381.88,18
2025-07-30 01:20:00,6382.08,6382.08,6381.08,6381.38,6
2025-07-30 01:21:00,6381.38,6381.38,6381.38,6381.38,1
2025-07-30 01:22:00,6381.38,6381.38,6381.38,6381.38,1
2025-07-30 01:23:00,6381.38,6381.58,6381.38,6381.58,11
2025-07-30 01:24:00,6381.58,6381.58,6381.38,6381.58,4
2025-07-30 01:25:00,6381.88,6381.88,6381.08,6381.08,8
2025-07-30 01:26:00,6380.88,6381.08,6380.68,6381.08,9
2025-07-30 01:27:00,6381.38,6381.38,6381.08,6381.38,3
2025-07-30 01:28:00,6381.38,6381.38,6380.88,6380.88,3
2025-07-30 01:29:00,6380.88,6381.38,6380.88,6381.38,4
2025-07-30 01:30:00,6381.58,6382.08,6381.08,6382.08,21
2025-07-30 01:31:00,6382.08,6382.08,6381.58,6381.58,8
2025-07-30 01:32:00,6381.58,6381.68,6381.38,6381.58,9
2025-07-30 01:33:00,6381.88,6381.98,6381.88,6381.88,3
2025-07-30 01:34:00,6381.88,6381.88,6381.08,6381.38,12
2025-07-30 01:35:00,6381.38,6381.38,6381.08,6381.08,2
2025-07-30 01:36:00,6380.88,6381.38,6380.88,6381.38,2
2025-07-30 01:37:00,6381.08,6381.38,6381.08,6381.08,4
2025-07-30 01:38:00,6381.38,6381.58,6381.08,6381.58,5
2025-07-30 01:39:00,6381.58,6381.58,6381.38,6381.38,2
2025-07-30 01:40:00,6381.38,6381.58,6381.38,6381.48,3
2025-07-30 01:41:00,6381.58,6381.88,6381.38,6381.38,4
2025-07-30 01:42:00,6381.48,6381.88,6381.48,6381.88,4
2025-07-30 01:43:00,6381.78,6381.88,6381.78,6381.88,2
2025-07-30 01:44:00,6382.08,6382.38,6381.88,6381.98,9
2025-07-30 01:45:00,6382.08,6382.38,6381.98,6382.38,4
2025-07-30 01:46:00,6382.08,6382.08,6382.08,6382.08,1
2025-07-30 01:47:00,6382.08,6382.88,6382.08,6382.48,9
2025-07-30 01:48:00,6382.58,6382.88,6382.58,6382.88,6
2025-07-30 01:49:00,6382.88,6382.98,6382.88,6382.88,3
2025-07-30 01:50:00,6383.08,6383.58,6383.08,6383.08,6
2025-07-30 01:51:00,6383.18,6383.38,6382.98,6383.08,9
2025-07-30 01:52:00,6383.08,6383.08,6383.08,6383.08,1
2025-07-30 01:53:00,6383.08,6383.38,6383.08,6383.38,2
2025-07-30 01:54:00,6383.38,6383.38,6383.08,6383.38,3
2025-07-30 01:55:00,6383.38,6383.88,6383.38,6383.88,11
2025-07-30 01:56:00,6383.88,6384.08,6383.58,6383.58,12
2025-07-30 01:57:00,6383.58,6383.88,6383.58,6383.88,2
2025-07-30 01:58:00,6383.98,6383.98,6383.38,6383.38,6
2025-07-30 01:59:00,6383.38,6383.38,6383.08,6383.38,6
2025-07-30 02:00:00,6383.38,6383.58,6382.58,6382.88,18
2025-07-30 02:01:00,6382.88,6382.88,6382.88,6382.88,1
2025-07-30 02:02:00,6382.88,6383.38,6382.88,6382.88,5
2025-07-30 02:03:00,6382.88,6382.88,6382.38,6382.38,3
2025-07-30 02:04:00,6382.38,6382.38,6382.38,6382.38,1
2025-07-30 02:05:00,6382.58,6382.88,6382.58,6382.88,2
2025-07-30 02:06:00,6383.08,6383.88,6383.08,6383.58,11
2025-07-30 02:07:00,6383.38,6383.58,6383.38,6383.58,2
2025-07-30 02:08:00,6383.88,6383.88,6383.58,6383.78,4
2025-07-30 02:09:00,6383.58,6383.88,6383.38,6383.88,6
2025-07-30 02:10:00,6383.88,6383.88,6383.88,6383.88,1
2025-07-30 02:11:00,6383.88,6383.88,6382.88,6382.88,7
2025-07-30 02:12:00,6382.98,6383.08,6382.38,6383.08,12
2025-07-30 02:13:00,6383.08,6383.08,6382.58,6382.68,6
2025-07-30 02:14:00,6382.78,6383.08,6382.58,6383.08,6
2025-07-30 02:15:00,6383.08,6383.08,6382.88,6383.08,5
2025-07-30 02:16:00,6383.28,6383.58,6383.28,6383.48,7
2025-07-30 02:17:00,6383.48,6383.58,6383.08,6383.38,9
2025-07-30 02:18:00,6383.38,6383.38,6383.08,6383.08,3
2025-07-30 02:19:00,6383.18,6383.38,6383.18,6383.38,2
2025-07-30 02:20:00,6383.38,6383.48,6383.08,6383.38,6
2025-07-30 02:21:00,6383.38,6383.48,6383.38,6383.38,3
2025-07-30 02:22:00,6383.38,6383.58,6383.38,6383.58,3
2025-07-30 02:23:00,6383.58,6383.58,6383.58,6383.58,1
2025-07-30 02:24:00,6383.38,6383.58,6383.08,6383.58,5
2025-07-30 02:25:00,6383.48,6383.58,6383.38,6383.58,3
2025-07-30 02:26:00,6383.88,6383.88,6383.88,6383.88,1
2025-07-30 02:27:00,6383.88,6383.88,6383.88,6383.88,1
2025-07-30 02:28:00,6383.88,6383.88,6383.58,6383.58,2
2025-07-30 02:29:00,6383.58,6383.58,6383.58,6383.58,1
2025-07-30 02:30:00,6383.58,6384.09,6383.58,6384.09,9
2025-07-30 02:31:00,6384.1,6384.12,6383.92,6384.02,5
2025-07-30 02:32:00,6384.02,6384.12,6383.92,6384.02,12
2025-07-30 02:33:00,6384.0,6384.12,6383.92,6384.12,8
2025-07-30 02:34:00,6384.1,6384.62,6384.1,6384.42,7
2025-07-30 02:35:00,6384.4,6384.62,6384.4,6384.52,11
2025-07-30 02:36:00,6384.5,6385.42,6384.5,6385.12,14
2025-07-30 02:37:00,6385.1,6385.22,6384.92,6385.12,20
2025-07-30 02:38:00,6385.1,6385.12,6384.92,6385.12,9
2025-07-30 02:39:00,6385.12,6385.12,6384.42,6384.62,11
2025-07-30 02:40:00,6384.6,6384.6,6384.08,6384.08,13
2025-07-30 02:41:00,6384.1,6384.1,6383.88,6383.88,7
2025-07-30 02:42:00,6383.9,6383.9,6383.88,6383.88,4
2025-07-30 02:43:00,6383.9,6383.9,6383.88,6383.88,2
2025-07-30 02:44:00,6383.9,6383.9,6383.88,6383.88,2
2025-07-30 02:45:00,6383.9,6383.9,6383.08,6383.08,18
2025-07-30 02:46:00,6383.1,6383.1,6382.38,6382.38,25
2025-07-30 02:47:00,6382.4,6382.88,6382.08,6382.68,20
2025-07-30 02:48:00,6382.7,6383.08,6382.58,6383.08,11
2025-07-30 02:49:00,6383.1,6383.1,6382.58,6382.58,6
2025-07-30 02:50:00,6382.6,6382.88,6382.38,6382.38,18
2025-07-30 02:51:00,6382.4,6382.58,6382.38,6382.38,12
2025-07-30 02:52:00,6382.4,6382.58,6381.88,6381.88,12
2025-07-30 02:53:00,6381.9,6382.38,6381.58,6382.08,11
2025-07-30 02:54:00,6382.1,6382.1,6381.79,6381.89,10
2025-07-30 02:55:00,6381.9,6382.08,6381.58,6381.88,9
2025-07-30 02:56:00,6381.9,6382.28,6381.78,6382.08,10
2025-07-30 02:57:00,6382.1,6382.59,6382.09,6382.59,5
2025-07-30 02:58:00,6382.59,6383.42,6382.52,6383.42,8
2025-07-30 02:59:00,6383.4,6383.62,6383.4,6383.42,6
2025-07-30 03:00:00,6383.42,6384.12,6383.12,6383.92,21
2025-07-30 03:01:00,6383.92,6383.92,6383.62,6383.62,13
2025-07-30 03:02:00,6383.62,6384.12,6383.62,6383.92,14
2025-07-30 03:03:00,6383.92,6384.02,6382.9,6382.92,25
2025-07-30 03:04:00,6382.9,6383.1,6382.88,6383.08,11
2025-07-30 03:05:00,6383.1,6383.39,6382.99,6383.09,15
2025-07-30 03:06:00,6383.09,6383.4,6383.08,6383.38,16
2025-07-30 03:07:00,6383.4,6383.88,6383.08,6383.58,15
2025-07-30 03:08:00,6383.6,6384.01,6383.6,6383.91,7
2025-07-30 03:09:00,6383.9,6384.12,6383.9,6383.92,7
2025-07-30 03:10:00,6383.92,6384.42,6383.92,6384.12,17
2025-07-30 03:11:00,6384.1,6384.61,6383.91,6384.61,15
2025-07-30 03:12:00,6384.6,6385.92,6384.42,6385.92,31
2025-07-30 03:13:00,6385.92,6387.02,6385.62,6386.62,43
2025-07-30 03:14:00,6386.6,6386.92,6386.12,6386.62,17
2025-07-30 03:15:00,6386.6,6386.62,6386.12,6386.42,13
2025-07-30 03:16:00,6386.4,6386.41,6385.61,6385.61,9
2025-07-30 03:17:00,6385.6,6385.98,6385.38,6385.88,24
2025-07-30 03:18:00,6385.9,6386.09,6385.89,6385.89,7
2025-07-30 03:19:00,6385.89,6386.38,6385.89,6386.38,8
2025-07-30 03:20:00,6386.38,6386.61,6386.11,6386.61,16
2025-07-30 03:21:00,6386.6,6387.19,6386.39,6386.59,17
2025-07-30 03:22:00,6386.6,6386.89,6386.09,6386.59,11
2025-07-30 03:23:00,6386.6,6386.61,6386.4,6386.41,7
2025-07-30 03:24:00,6386.4,6386.4,6385.88,6385.88,28
2025-07-30 03:25:00,6385.9,6386.08,6385.78,6386.08,9
2025-07-30 03:26:00,6386.1,6386.38,6385.88,6386.08,15
2025-07-30 03:27:00,6386.1,6386.1,6385.88,6386.08,12
2025-07-30 03:28:00,6386.1,6386.9,6386.08,6386.58,10
2025-07-30 03:29:00,6386.6,6386.88,6386.38,6386.38,9
2025-07-30 03:30:00,6386.38,6386.6,6386.28,6386.58,18
2025-07-30 03:31:00,6386.6,6386.9,6386.58,6386.88,9
2025-07-30 03:32:00,6386.9,6386.9,6386.59,6386.89,4
2025-07-30 03:33:00,6386.9,6387.09,6386.59,6386.89,11
2025-07-30 03:34:00,6386.9,6387.09,6386.89,6387.09,3
2025-07-30 03:35:00,6387.1,6387.38,6386.88,6387.08,25
2025-07-30 03:36:00,6387.1,6388.09,6387.09,6388.09,14
2025-07-30 03:37:00,6388.09,6388.62,6388.09,6388.12,13
2025-07-30 03:38:00,6388.1,6388.12,6387.62,6387.62,6
2025-07-30 03:39:00,6387.6,6387.88,6387.58,6387.88,8
2025-07-30 03:40:00,6387.88,6387.9,6386.89,6386.89,7
2025-07-30 03:41:00,6386.9,6387.58,6386.88,6387.58,13
2025-07-30 03:42:00,6387.6,6387.6,6386.89,6387.39,21
2025-07-30 03:43:00,6387.4,6387.4,6386.88,6387.08,14
2025-07-30 03:44:00,6387.1,6387.1,6387.08,6387.08,2
2025-07-30 03:45:00,6387.08,6387.58,6387.08,6387.08,22
2025-07-30 03:46:00,6387.08,6387.58,6386.88,6387.38,18
2025-07-30 03:47:00,6387.4,6387.6,6387.38,6387.58,7
2025-07-30 03:48:00,6387.6,6387.89,6387.59,6387.69,9
2025-07-30 03:49:00,6387.69,6387.92,6387.62,6387.92,6
2025-07-30 03:50:00,6387.9,6388.42,6387.9,6388.12,18
2025-07-30 03:51:00,6388.1,6388.82,6387.92,6388.62,8
2025-07-30 03:52:00,6388.6,6388.61,6388.11,6388.61,21
2025-07-30 03:53:00,6388.6,6388.62,6388.4,6388.42,14
2025-07-30 03:54:00,6388.42,6388.59,6388.39,6388.39,6
2025-07-30 03:55:00,6388.39,6388.6,6388.29,6388.39,9
2025-07-30 03:56:00,6388.4,6388.4,6388.09,6388.09,17
2025-07-30 03:57:00,6388.1,6388.1,6387.88,6388.08,4
2025-07-30 03:58:00,6388.1,6388.1,6387.88,6387.88,7
2025-07-30 03:59:00,6387.9,6388.08,6387.88,6387.88,33
2025-07-30 04:00:00,6387.88,6388.08,6387.58,6388.08,17
2025-07-30 04:01:00,6388.1,6388.59,6387.89,6388.49,15
2025-07-30 04:02:00,6388.49,6388.62,6388.42,6388.62,17
2025-07-30 04:03:00,6388.6,6388.62,6388.12,6388.42,14
2025-07-30 04:04:00,6388.4,6388.51,6387.91,6387.91,20
2025-07-30 04:05:00,6387.9,6387.9,6387.38,6387.38,9
2025-07-30 04:06:00,6387.4,6387.57,6387.37,6387.57,4
2025-07-30 04:07:00,6387.6,6388.09,6387.59,6387.89,12
2025-07-30 04:08:00,6387.9,6388.08,6387.58,6387.58,16
2025-07-30 04:09:00,6387.58,6387.67,6387.37,6387.37,17
2025-07-30 04:10:00,6387.4,6387.4,6386.88,6387.08,13
2025-07-30 04:11:00,6387.1,6387.58,6387.08,6387.58,19
2025-07-30 04:12:00,6387.58,6387.61,6387.11,6387.41,7
2025-07-30 04:13:00,6387.41,6387.9,6387.18,6387.58,14
2025-07-30 04:14:00,6387.6,6387.88,6387.38,6387.38,8
2025-07-30 04:15:00,6387.4,6387.58,6386.88,6386.88,21
2025-07-30 04:16:00,6386.88,6387.1,6386.58,6386.58,21
2025-07-30 04:17:00,6386.6,6387.07,6386.57,6386.87,13
2025-07-30 04:18:00,6386.9,6386.9,6386.58,6386.58,7
2025-07-30 04:19:00,6386.6,6386.88,6386.38,6386.38,11
2025-07-30 04:20:00,6386.4,6386.4,6386.28,6386.38,6
2025-07-30 04:21:00,6386.38,6386.38,6385.58,6385.88,20
2025-07-30 04:22:00,6385.9,6386.38,6385.58,6386.38,22
2025-07-30 04:23:00,6386.4,6386.4,6386.09,6386.09,11
2025-07-30 04:24:00,6386.1,6386.2,6386.08,6386.08,10
2025-07-30 04:25:00,6386.08,6386.08,6385.58,6386.08,16
2025-07-30 04:26:00,6386.1,6386.1,6385.89,6385.89,4
2025-07-30 04:27:00,6385.9,6386.08,6385.88,6386.08,20
2025-07-30 04:28:00,6386.1,6386.1,6385.89,6385.89,5
2025-07-30 04:29:00,6385.9,6385.9,6385.38,6385.58,16
2025-07-30 04:30:00,6385.58,6385.58,6383.38,6384.38,62
2025-07-30 04:31:00,6384.38,6384.59,6383.89,6384.39,38
2025-07-30 04:32:00,6384.4,6385.62,6384.32,6385.42,20
2025-07-30 04:33:00,6385.42,6386.62,6385.4,6386.62,26
2025-07-30 04:34:00,6386.6,6387.02,6386.6,6386.92,9
2025-07-30 04:35:00,6386.92,6387.92,6386.9,6387.92,19
2025-07-30 04:36:00,6387.9,6389.12,6387.9,6388.32,50
2025-07-30 04:37:00,6388.32,6388.32,6387.6,6387.91,24
2025-07-30 04:38:00,6387.91,6387.91,6387.39,6387.59,16
2025-07-30 04:39:00,6387.6,6388.09,6387.59,6387.99,25
2025-07-30 04:40:00,6387.99,6388.11,6387.61,6387.81,19
2025-07-30 04:41:00,6387.8,6388.89,6387.69,6388.89,21
2025-07-30 04:42:00,6388.9,6389.62,6388.62,6388.92,31
2025-07-30 04:43:00,6388.9,6389.1,6388.88,6388.88,17
2025-07-30 04:44:00,6388.9,6389.08,6388.38,6388.38,16
2025-07-30 04:45:00,6388.4,6388.6,6388.08,6388.08,16
2025-07-30 04:46:00,6388.1,6388.38,6388.08,6388.08,14
2025-07-30 04:47:00,6388.1,6388.38,6387.88,6388.08,13
2025-07-30 04:48:00,6388.1,6388.48,6387.98,6388.38,20
2025-07-30 04:49:00,6388.4,6388.59,6387.89,6388.09,32
2025-07-30 04:50:00,6388.09,6388.5,6387.88,6388.38,20
2025-07-30 04:51:00,6388.4,6388.4,6388.09,6388.39,16
2025-07-30 04:52:00,6388.4,6388.4,6387.88,6388.08,16
2025-07-30 04:53:00,6388.1,6388.1,6387.88,6388.08,9
2025-07-30 04:54:00,6388.1,6388.1,6387.88,6388.08,9
2025-07-30 04:55:00,6388.1,6388.1,6387.89,6388.09,11
2025-07-30 04:56:00,6388.1,6388.1,6387.89,6387.89,29
2025-07-30 04:57:00,6387.9,6388.08,6387.88,6388.08,8
2025-07-30 04:58:00,6388.1,6388.39,6387.89,6387.99,10
2025-07-30 04:59:00,6387.99,6388.1,6387.88,6387.98,29
2025-07-30 05:00:00,6387.98,6388.88,6387.88,6388.38,18
2025-07-30 05:01:00,6388.4,6388.58,6387.88,6388.08,15
2025-07-30 05:02:00,6388.1,6388.4,6387.88,6388.28,14
2025-07-30 05:03:00,6388.3,6388.58,6388.08,6388.38,16
2025-07-30 05:04:00,6388.4,6388.78,6388.38,6388.58,24
2025-07-30 05:05:00,6388.6,6388.9,6388.49,6388.59,20
2025-07-30 05:06:00,6388.6,6388.6,6388.38,6388.58,10
2025-07-30 05:07:00,6388.6,6388.6,6388.38,6388.58,14
2025-07-30 05:08:00,6388.6,6388.9,6388.59,6388.89,14
2025-07-30 05:09:00,6388.9,6389.12,6388.9,6389.12,12
2025-07-30 05:10:00,6389.1,6389.12,6388.62,6388.62,4
2025-07-30 05:11:00,6388.6,6389.08,6388.58,6389.08,14
2025-07-30 05:12:00,6389.1,6389.42,6389.02,6389.12,14
2025-07-30 05:13:00,6389.1,6389.41,6389.1,6389.41,14
2025-07-30 05:14:00,6389.41,6389.42,6389.1,6389.42,11
2025-07-30 05:15:00,6389.4,6389.42,6389.12,6389.42,10
2025-07-30 05:16:00,6389.4,6389.72,6389.4,6389.42,12
2025-07-30 05:17:00,6389.4,6389.61,6389.4,6389.41,10
2025-07-30 05:18:00,6389.4,6389.42,6389.12,6389.12,11
2025-07-30 05:19:00,6389.1,6389.1,6388.58,6388.68,17
2025-07-30 05:20:00,6388.7,6388.9,6388.58,6388.58,13
2025-07-30 05:21:00,6388.6,6388.6,6388.58,6388.58,8
2025-07-30 05:22:00,6388.6,6388.88,6388.58,6388.78,14
2025-07-30 05:23:00,6388.78,6388.88,6388.58,6388.88,11
2025-07-30 05:24:00,6388.9,6388.9,6388.58,6388.58,8
2025-07-30 05:25:00,6388.6,6388.88,6388.58,6388.58,6
2025-07-30 05:26:00,6388.6,6388.6,6388.38,6388.58,20
2025-07-30 05:27:00,6388.6,6388.6,6387.88,6388.08,15
2025-07-30 05:28:00,6388.1,6388.39,6388.09,6388.09,8
2025-07-30 05:29:00,6388.1,6388.1,6387.58,6387.78,18
2025-07-30 05:30:00,6387.78,6387.78,6387.58,6387.58,12
2025-07-30 05:31:00,6387.6,6387.88,6386.88,6387.08,11
2025-07-30 05:32:00,6387.08,6387.38,6387.08,6387.08,8
2025-07-30 05:33:00,6387.08,6387.08,6386.38,6386.58,23
2025-07-30 05:34:00,6386.6,6386.6,6386.58,6386.58,2
2025-07-30 05:35:00,6386.6,6386.98,6386.38,6386.88,16
2025-07-30 05:36:00,6386.9,6387.12,6386.9,6387.12,14
2025-07-30 05:37:00,6387.1,6387.1,6386.89,6387.09,13
2025-07-30 05:38:00,6387.1,6387.11,6386.91,6387.11,12
2025-07-30 05:39:00,6387.1,6387.41,6387.01,6387.41,16
2025-07-30 05:40:00,6387.4,6387.92,6387.4,6387.72,18
2025-07-30 05:41:00,6387.72,6387.92,6387.6,6387.91,19
2025-07-30 05:42:00,6387.9,6387.92,6387.9,6387.92,2
2025-07-30 05:43:00,6387.92,6387.92,6387.6,6387.92,12
2025-07-30 05:44:00,6387.9,6387.91,6387.41,6387.61,13
2025-07-30 05:45:00,6387.61,6387.91,6387.4,6387.91,9
2025-07-30 05:46:00,6387.9,6388.42,6387.9,6388.12,8
2025-07-30 05:47:00,6388.1,6389.12,6388.1,6389.12,16
2025-07-30 05:48:00,6389.1,6389.42,6389.1,6389.12,16
2025-07-30 05:49:00,6389.1,6389.42,6389.1,6389.42,4
2025-07-30 05:50:00,6389.4,6389.42,6389.12,6389.12,16
2025-07-30 05:51:00,6389.1,6389.12,6388.92,6388.92,17
2025-07-30 05:52:00,6388.9,6389.09,6388.89,6388.89,6
2025-07-30 05:53:00,6388.89,6388.9,6388.59,6388.89,13
2025-07-30 05:54:00,6388.9,6388.9,6388.78,6388.88,8
2025-07-30 05:55:00,6388.9,6388.9,6388.48,6388.48,10
2025-07-30 05:56:00,6388.5,6388.88,6388.38,6388.88,16
2025-07-30 05:57:00,6388.9,6388.91,6388.4,6388.41,8
2025-07-30 05:58:00,6388.4,6388.4,6388.08,6388.28,17
2025-07-30 05:59:00,6388.3,6388.4,6388.08,6388.38,9
2025-07-30 06:00:00,6388.38,6389.11,6388.38,6389.11,19
2025-07-30 06:01:00,6389.1,6389.11,6388.9,6389.01,7
2025-07-30 06:02:00,6389.0,6389.61,6388.91,6389.41,19
2025-07-30 06:03:00,6389.41,6389.72,6389.41,6389.42,15
2025-07-30 06:04:00,6389.4,6389.59,6389.39,6389.39,9
2025-07-30 06:05:00,6389.4,6389.59,6389.39,6389.59,5
2025-07-30 06:06:00,6389.59,6389.92,6389.12,6389.42,21
2025-07-30 06:07:00,6389.4,6389.6,6389.39,6389.59,10
2025-07-30 06:08:00,6389.6,6389.62,6389.52,6389.62,8
2025-07-30 06:09:00,6389.6,6389.61,6389.6,6389.61,2
2025-07-30 06:10:00,6389.6,6389.92,6389.6,6389.62,6
2025-07-30 06:11:00,6389.6,6389.6,6389.39,6389.59,17
2025-07-30 06:12:00,6389.6,6389.88,6389.58,6389.88,3
2025-07-30 06:13:00,6389.9,6389.92,6389.6,6389.62,16
2025-07-30 06:14:00,6389.6,6389.6,6389.38,6389.38,9
2025-07-30 06:15:00,6389.4,6389.4,6388.88,6388.88,14
2025-07-30 06:16:00,6388.88,6388.9,6388.88,6388.88,3
2025-07-30 06:17:00,6388.9,6388.9,6388.38,6388.88,13
2025-07-30 06:18:00,6388.9,6388.9,6388.58,6388.88,7
2025-07-30 06:19:00,6388.9,6389.18,6388.88,6389.08,14
2025-07-30 06:20:00,6389.1,6389.58,6388.98,6389.58,14
2025-07-30 06:21:00,6389.6,6389.9,6389.59,6389.89,9
2025-07-30 06:22:00,6389.9,6389.92,6389.62,6389.92,12
2025-07-30 06:23:00,6389.9,6389.92,6389.62,6389.62,14
2025-07-30 06:24:00,6389.6,6389.6,6389.08,6389.38,12
2025-07-30 06:25:00,6389.4,6389.4,6389.08,6389.08,9
2025-07-30 06:26:00,6389.1,6389.1,6389.08,6389.08,6
2025-07-30 06:27:00,6389.08,6389.6,6389.08,6389.58,9
2025-07-30 06:28:00,6389.6,6389.6,6389.08,6389.08,10
2025-07-30 06:29:00,6389.1,6389.1,6388.78,6388.88,16
2025-07-30 06:30:00,6388.9,6388.9,6388.88,6388.88,4
2025-07-30 06:31:00,6388.9,6388.9,6388.58,6388.58,8
2025-07-30 06:32:00,6388.6,6389.1,6388.58,6389.08,14
2025-07-30 06:33:00,6389.1,6389.37,6389.07,6389.37,8
2025-07-30 06:34:00,6389.37,6389.4,6389.07,6389.37,11
2025-07-30 06:35:00,6389.4,6389.4,6389.08,6389.38,5
2025-07-30 06:36:00,6389.4,6389.58,6389.28,6389.58,11
2025-07-30 06:37:00,6389.6,6390.09,6389.59,6390.09,16
2025-07-30 06:38:00,6390.09,6390.11,6389.61,6389.91,15
2025-07-30 06:39:00,6389.9,6390.58,6389.88,6390.08,12
2025-07-30 06:40:00,6390.1,6390.58,6390.08,6390.58,11
2025-07-30 06:41:00,6390.58,6391.12,6390.42,6391.12,13
2025-07-30 06:42:00,6391.1,6391.12,6390.42,6390.62,6
2025-07-30 06:43:00,6390.6,6390.6,6390.58,6390.58,2
2025-07-30 06:44:00,6390.6,6390.6,6390.38,6390.38,3
2025-07-30 06:45:00,6390.38,6390.38,6389.58,6389.58,7
2025-07-30 06:46:00,6389.6,6389.6,6389.08,6389.38,11
2025-07-30 06:47:00,6389.4,6389.58,6389.38,6389.38,4
2025-07-30 06:48:00,6389.4,6389.4,6389.38,6389.38,2
2025-07-30 06:49:00,6389.4,6389.4,6389.38,6389.38,4
2025-07-30 06:50:00,6389.4,6389.4,6388.88,6389.08,11
2025-07-30 06:51:00,6389.08,6389.6,6389.08,6389.58,17
2025-07-30 06:52:00,6389.6,6389.6,6389.58,6389.58,2
2025-07-30 06:53:00,6389.6,6389.88,6389.58,6389.88,10
2025-07-30 06:54:00,6389.9,6389.91,6389.61,6389.61,3
2025-07-30 06:55:00,6389.61,6389.61,6389.38,6389.38,4
2025-07-30 06:56:00,6389.4,6389.4,6389.38,6389.38,2
2025-07-30 06:57:00,6389.4,6389.58,6389.08,6389.18,13
2025-07-30 06:58:00,6389.2,6389.58,6389.08,6389.38,10
2025-07-30 06:59:00,6389.4,6389.58,6389.38,6389.58,7
2025-07-30 07:00:00,6389.6,6389.88,6389.58,6389.88,6
2025-07-30 07:01:00,6389.9,6390.12,6389.9,6390.12,3
2025-07-30 07:02:00,6390.1,6390.11,6389.91,6389.91,5
2025-07-30 07:03:00,6389.9,6390.11,6389.9,6390.11,13
2025-07-30 07:04:00,6390.1,6390.1,6390.09,6390.09,4
2025-07-30 07:05:00,6390.1,6390.41,6389.91,6390.11,10
2025-07-30 07:06:00,6390.11,6390.39,6389.89,6390.39,12
2025-07-30 07:07:00,6390.4,6390.42,6390.12,6390.42,6
2025-07-30 07:08:00,6390.42,6390.42,6390.12,6390.41,7
2025-07-30 07:09:00,6390.4,6390.42,6390.4,6390.42,2
2025-07-30 07:10:00,6390.4,6390.4,6390.08,6390.08,3
2025-07-30 07:11:00,6390.1,6390.38,6390.08,6390.38,4
2025-07-30 07:12:00,6390.4,6390.58,6390.08,6390.58,13
2025-07-30 07:13:00,6390.6,6390.6,6390.39,6390.59,7
2025-07-30 07:14:00,6390.6,6390.89,6390.59,6390.89,7
2025-07-30 07:15:00,6390.9,6391.11,6390.9,6391.11,16
2025-07-30 07:16:00,6391.1,6391.59,6391.09,6391.39,5
2025-07-30 07:17:00,6391.4,6391.4,6391.08,6391.08,12
2025-07-30 07:18:00,6391.1,6391.1,6390.88,6390.88,3
2025-07-30 07:19:00,6390.88,6390.88,6390.38,6390.38,9
2025-07-30 07:20:00,6390.38,6390.58,6390.38,6390.58,4
2025-07-30 07:21:00,6390.58,6390.88,6390.38,6390.58,10
2025-07-30 07:22:00,6390.6,6391.08,6390.58,6391.08,6
2025-07-30 07:23:00,6391.1,6391.1,6391.08,6391.08,2
2025-07-30 07:24:00,6391.1,6391.1,6390.98,6391.08,4
2025-07-30 07:25:00,6391.1,6391.1,6391.08,6391.08,2
2025-07-30 07:26:00,6391.1,6391.1,6391.08,6391.08,2
2025-07-30 07:27:00,6391.1,6391.1,6391.08,6391.08,2
2025-07-30 07:28:00,6391.1,6391.4,6391.08,6391.38,8
2025-07-30 07:29:00,6391.4,6391.61,6391.4,6391.41,8
2025-07-30 07:30:00,6391.4,6391.6,6391.39,6391.39,13
2025-07-30 07:31:00,6391.4,6391.6,6391.39,6391.59,8
2025-07-30 07:32:00,6391.6,6391.6,6391.39,6391.39,7
2025-07-30 07:33:00,6391.4,6391.4,6390.88,6390.88,10
2025-07-30 07:34:00,6390.9,6390.98,6390.58,6390.58,11
2025-07-30 07:35:00,6390.6,6390.88,6390.58,6390.88,5
2025-07-30 07:36:00,6390.88,6391.08,6390.88,6391.08,16
2025-07-30 07:37:00,6391.08,6391.1,6390.58,6390.58,9
2025-07-30 07:38:00,6390.6,6390.88,6390.58,6390.88,4
2025-07-30 07:39:00,6390.9,6390.9,6390.88,6390.88,2
2025-07-30 07:40:00,6390.88,6390.9,6390.88,6390.88,3
2025-07-30 07:41:00,6390.9,6390.9,6390.58,6390.88,8
2025-07-30 07:42:00,6390.9,6390.9,6390.58,6390.88,10
2025-07-30 07:43:00,6390.9,6391.08,6390.58,6391.08,6
2025-07-30 07:44:00,6391.1,6391.1,6390.88,6390.88,3
2025-07-30 07:45:00,6390.9,6390.9,6390.48,6390.58,5
2025-07-30 07:46:00,6390.6,6390.88,6390.58,6390.88,5
2025-07-30 07:47:00,6390.9,6390.98,6390.88,6390.88,4
2025-07-30 07:48:00,6390.9,6391.08,6390.88,6391.08,12
2025-07-30 07:49:00,6391.1,6391.38,6390.88,6391.08,7
2025-07-30 07:50:00,6391.1,6391.1,6391.08,6391.08,4
2025-07-30 07:51:00,6391.1,6391.1,6390.98,6391.08,8
2025-07-30 07:52:00,6391.1,6391.1,6391.08,6391.08,2
2025-07-30 07:53:00,6391.1,6391.1,6391.08,6391.08,2
2025-07-30 07:54:00,6391.08,6391.4,6391.08,6391.38,4
2025-07-30 07:55:00,6391.4,6391.4,6391.09,6391.09,7
2025-07-30 07:56:00,6391.1,6391.58,6391.08,6391.58,11
2025-07-30 07:57:00,6391.6,6391.6,6391.39,6391.59,4
2025-07-30 07:58:00,6391.6,6391.6,6391.19,6391.39,5
2025-07-30 07:59:00,6391.4,6391.4,6391.08,6391.28,6
2025-07-30 08:00:00,6391.28,6391.28,6390.88,6391.08,18
2025-07-30 08:01:00,6391.1,6391.1,6390.87,6390.87,15
2025-07-30 08:02:00,6390.9,6390.9,6390.38,6390.58,9
2025-07-30 08:03:00,6390.6,6390.6,6390.38,6390.58,10
2025-07-30 08:04:00,6390.6,6391.08,6390.48,6390.88,17
2025-07-30 08:05:00,6390.9,6390.9,6390.38,6390.38,14
2025-07-30 08:06:00,6390.38,6390.9,6390.38,6390.38,21
2025-07-30 08:07:00,6390.4,6390.58,6390.38,6390.58,6
2025-07-30 08:08:00,6390.58,6390.6,6389.58,6389.88,15
2025-07-30 08:09:00,6389.9,6389.9,6389.78,6389.88,8
2025-07-30 08:10:00,6389.88,6390.1,6389.08,6389.08,20
2025-07-30 08:11:00,6389.1,6389.4,6388.58,6388.58,22
2025-07-30 08:12:00,6388.58,6388.9,6388.38,6388.88,16
2025-07-30 08:13:00,6388.88,6389.39,6388.88,6389.09,13
2025-07-30 08:14:00,6389.1,6389.41,6389.1,6389.21,15
2025-07-30 08:15:00,6389.21,6389.59,6389.09,6389.59,13
2025-07-30 08:16:00,6389.6,6389.92,6389.6,6389.92,9
2025-07-30 08:17:00,6389.9,6389.91,6389.61,6389.91,11
2025-07-30 08:18:00,6389.9,6390.08,6389.88,6390.08,9
2025-07-30 08:19:00,6390.1,6390.12,6389.92,6389.92,4
2025-07-30 08:20:00,6389.92,6390.42,6389.92,6390.42,12
2025-07-30 08:21:00,6390.4,6390.42,6390.12,6390.12,12
2025-07-30 08:22:00,6390.12,6390.62,6390.12,6390.62,16
2025-07-30 08:23:00,6390.6,6390.62,6390.12,6390.42,17
2025-07-30 08:24:00,6390.4,6390.89,6390.39,6390.89,7
2025-07-30 08:25:00,6390.9,6391.11,6390.61,6391.01,11
2025-07-30 08:26:00,6391.0,6391.01,6390.61,6390.61,6
2025-07-30 08:27:00,6390.6,6390.89,6390.59,6390.89,6
2025-07-30 08:28:00,6390.9,6390.9,6390.58,6390.88,8
2025-07-30 08:29:00,6390.88,6391.08,6390.88,6390.88,8
2025-07-30 08:30:00,6390.88,6391.38,6390.88,6391.08,8
2025-07-30 08:31:00,6391.08,6391.88,6391.08,6391.58,8
2025-07-30 08:32:00,6391.58,6391.88,6391.28,6391.38,14
2025-07-30 08:33:00,6391.38,6391.38,6391.38,6391.38,1
2025-07-30 08:34:00,6391.38,6391.58,6391.38,6391.58,12
2025-07-30 08:35:00,6391.58,6392.08,6391.58,6391.88,8
2025-07-30 08:36:00,6391.88,6391.98,6391.58,6391.88,7
2025-07-30 08:37:00,6391.88,6391.88,6391.58,6391.58,6
2025-07-30 08:38:00,6391.58,6391.88,6391.58,6391.88,7
2025-07-30 08:39:00,6391.88,6391.88,6391.58,6391.58,4
2025-07-30 08:40:00,6391.58,6391.58,6391.38,6391.58,3
2025-07-30 08:41:00,6391.58,6391.78,6391.38,6391.38,7
2025-07-30 08:42:00,6391.38,6391.58,6391.18,6391.38,7
2025-07-30 08:43:00,6391.38,6391.38,6390.58,6390.88,8
2025-07-30 08:44:00,6390.88,6390.88,6390.58,6390.88,10
2025-07-30 08:45:00,6390.88,6391.08,6390.88,6390.98,6
2025-07-30 08:46:00,6390.98,6391.38,6390.88,6391.38,4
2025-07-30 08:47:00,6391.38,6391.58,6391.08,6391.08,7
2025-07-30 08:48:00,6391.08,6391.38,6391.08,6391.38,13
2025-07-30 08:49:00,6391.38,6392.08,6391.38,6392.08,6
2025-07-30 08:50:00,6392.08,6392.08,6391.58,6391.88,5
2025-07-30 08:51:00,6391.88,6391.88,6391.58,6391.58,2
2025-07-30 08:52:00,6391.58,6391.88,6391.58,6391.88,12
2025-07-30 08:53:00,6391.88,6392.38,6391.88,6392.08,4
2025-07-30 08:54:00,6392.08,6392.08,6391.88,6391.88,11
2025-07-30 08:55:00,6391.88,6392.08,6391.88,6391.88,9
2025-07-30 08:56:00,6391.88,6391.88,6391.38,6391.48,12
2025-07-30 08:57:00,6391.48,6391.58,6391.38,6391.48,11
2025-07-30 08:58:00,6391.48,6391.58,6391.08,6391.08,8
2025-07-30 08:59:00,6391.08,6391.48,6390.58,6390.58,18
2025-07-30 09:00:00,6390.58,6390.88,6390.38,6390.88,31
2025-07-30 09:01:00,6390.88,6391.08,6390.38,6390.88,32
2025-07-30 09:02:00,6390.88,6391.88,6390.88,6391.48,27
2025-07-30 09:03:00,6391.48,6391.48,6390.58,6390.68,19
2025-07-30 09:04:00,6390.68,6390.88,6390.38,6390.48,19
2025-07-30 09:05:00,6390.48,6390.88,6390.38,6390.88,13
2025-07-30 09:06:00,6390.88,6391.08,6390.58,6390.88,7
2025-07-30 09:07:00,6390.88,6390.88,6390.88,6390.88,1
2025-07-30 09:08:00,6390.88,6391.38,6390.88,6391.08,8
2025-07-30 09:09:00,6391.08,6391.38,6390.48,6390.58,17
2025-07-30 09:10:00,6390.58,6390.88,6390.58,6390.88,8
2025-07-30 09:11:00,6390.88,6390.98,6390.08,6390.38,13
2025-07-30 09:12:00,6390.38,6390.58,6390.08,6390.08,9
2025-07-30 09:13:00,6390.08,6390.38,6390.08,6390.38,23
2025-07-30 09:14:00,6390.38,6390.38,6390.08,6390.18,6
2025-07-30 09:15:00,6390.18,6390.58,6390.18,6390.58,4
2025-07-30 09:16:00,6390.58,6390.58,6390.28,6390.28,13
2025-07-30 09:17:00,6390.28,6390.38,6389.88,6390.08,6
2025-07-30 09:18:00,6390.08,6390.38,6390.08,6390.28,5
2025-07-30 09:19:00,6390.28,6390.28,6389.88,6389.88,5
2025-07-30 09:20:00,6389.88,6390.08,6389.88,6390.08,2
2025-07-30 09:21:00,6390.08,6390.58,6390.08,6390.58,12
2025-07-30 09:22:00,6390.58,6391.08,6390.58,6390.98,6
2025-07-30 09:23:00,6390.98,6391.08,6390.88,6390.88,19
2025-07-30 09:24:00,6390.88,6391.08,6390.88,6391.08,9
2025-07-30 09:25:00,6391.08,6391.38,6391.08,6391.38,5
2025-07-30 09:26:00,6391.38,6391.88,6391.38,6391.88,14
2025-07-30 09:27:00,6391.88,6392.38,6391.88,6392.38,11
2025-07-30 09:28:00,6392.38,6392.38,6391.88,6391.88,10
2025-07-30 09:29:00,6391.88,6392.38,6391.88,6392.08,10
2025-07-30 09:30:00,6392.08,6392.08,6391.38,6391.58,25
2025-07-30 09:31:00,6391.58,6391.88,6391.08,6391.38,16
2025-07-30 09:32:00,6391.38,6391.38,6391.08,6391.08,11
2025-07-30 09:33:00,6391.08,6391.08,6390.38,6390.58,12
2025-07-30 09:34:00,6390.58,6390.88,6390.38,6390.58,15
2025-07-30 09:35:00,6390.58,6390.88,6390.58,6390.58,5
2025-07-30 09:36:00,6390.58,6390.58,6390.08,6390.08,3
2025-07-30 09:37:00,6390.08,6390.08,6390.08,6390.08,1
2025-07-30 09:38:00,6390.08,6390.38,6390.08,6390.38,4
2025-07-30 09:39:00,6390.38,6390.88,6390.38,6390.58,13
2025-07-30 09:40:00,6390.58,6391.08,6390.38,6390.88,7
2025-07-30 09:41:00,6390.88,6391.08,6390.88,6390.88,3
2025-07-30 09:42:00,6390.88,6391.08,6390.58,6390.88,8
2025-07-30 09:43:00,6390.88,6390.88,6390.88,6390.88,1
2025-07-30 09:44:00,6390.88,6391.08,6390.58,6390.88,5
2025-07-30 09:45:00,6390.88,6390.98,6390.38,6390.38,15
2025-07-30 09:46:00,6390.38,6390.78,6390.38,6390.78,6
2025-07-30 09:47:00,6390.78,6390.78,6390.38,6390.38,5
2025-07-30 09:48:00,6390.38,6390.58,6390.38,6390.38,3
2025-07-30 09:49:00,6390.38,6390.38,6390.08,6390.08,7
2025-07-30 09:50:00,6390.08,6390.08,6389.58,6389.58,12
2025-07-30 09:51:00,6389.58,6389.9,6389.58,6389.6,21
2025-07-30 09:52:00,6389.6,6389.9,6389.37,6389.37,14
2025-07-30 09:53:00,6389.37,6389.57,6389.07,6389.07,11
2025-07-30 09:54:00,6389.1,6389.1,6388.67,6388.87,13
2025-07-30 09:55:00,6388.9,6388.9,6388.57,6388.57,18
2025-07-30 09:56:00,6388.6,6388.87,6388.57,6388.57,14
2025-07-30 09:57:00,6388.57,6389.37,6388.57,6389.07,19
2025-07-30 09:58:00,6389.1,6389.42,6389.1,6389.12,11
2025-07-30 09:59:00,6389.1,6389.4,6388.88,6388.98,32
2025-07-30 10:00:00,6388.98,6389.38,6388.58,6388.88,55
2025-07-30 10:01:00,6388.88,6388.88,6387.58,6387.88,55
2025-07-30 10:02:00,6387.88,6388.37,6387.27,6387.87,38
2025-07-30 10:03:00,6387.9,6388.38,6387.08,6387.38,54
2025-07-30 10:04:00,6387.4,6388.37,6387.37,6387.47,28
2025-07-30 10:05:00,6387.47,6388.08,6387.08,6387.58,46
2025-07-30 10:06:00,6387.58,6388.42,6387.42,6387.62,37
2025-07-30 10:07:00,6387.6,6387.72,6387.32,6387.42,21
2025-07-30 10:08:00,6387.42,6387.42,6386.38,6386.58,38
2025-07-30 10:09:00,6386.58,6386.58,6384.57,6384.87,61
2025-07-30 10:10:00,6384.87,6386.57,6384.57,6386.37,72
2025-07-30 10:11:00,6386.37,6386.62,6385.42,6385.72,75
2025-07-30 10:12:00,6385.72,6386.42,6385.4,6385.92,52
2025-07-30 10:13:00,6385.92,6386.12,6385.6,6385.92,31
2025-07-30 10:14:00,6385.92,6385.92,6383.92,6384.12,42
2025-07-30 10:15:00,6384.12,6385.07,6383.77,6384.37,49
2025-07-30 10:16:00,6384.4,6385.41,6384.4,6385.11,30
2025-07-30 10:17:00,6385.11,6385.43,6384.63,6385.13,35
2025-07-30 10:18:00,6385.1,6385.43,6384.43,6384.43,33
2025-07-30 10:19:00,6384.43,6384.68,6383.38,6383.38,27
2025-07-30 10:20:00,6383.38,6383.87,6382.47,6383.57,40
2025-07-30 10:21:00,6383.6,6384.62,6383.6,6384.12,29
2025-07-30 10:22:00,6384.12,6385.12,6384.12,6384.42,34
2025-07-30 10:23:00,6384.42,6384.92,6384.4,6384.62,17
2025-07-30 10:24:00,6384.6,6384.63,6384.13,6384.13,18
2025-07-30 10:25:00,6384.1,6385.11,6384.1,6384.61,20
2025-07-30 10:26:00,6384.6,6385.13,6384.4,6385.13,19
2025-07-30 10:27:00,6385.1,6385.93,6385.1,6385.93,17
2025-07-30 10:28:00,6385.9,6386.43,6385.63,6386.43,35
2025-07-30 10:29:00,6386.43,6386.93,6386.3,6386.63,18
2025-07-30 10:30:00,6386.63,6387.12,6386.42,6386.62,25
2025-07-30 10:31:00,6386.62,6387.42,6386.62,6387.12,22
2025-07-30 10:32:00,6387.12,6387.13,6386.43,6386.83,22
2025-07-30 10:33:00,6386.83,6387.62,6386.62,6387.62,27
2025-07-30 10:34:00,6387.62,6387.93,6387.13,6387.43,33
2025-07-30 10:35:00,6387.4,6388.11,6387.4,6388.11,18
2025-07-30 10:36:00,6388.1,6388.63,6388.03,6388.13,27
2025-07-30 10:37:00,6388.13,6388.13,6386.12,6386.62,28
2025-07-30 10:38:00,6386.62,6386.87,6386.37,6386.57,24
2025-07-30 10:39:00,6386.6,6387.38,6386.48,6387.38,25
2025-07-30 10:40:00,6387.38,6387.92,6387.38,6387.62,25
2025-07-30 10:41:00,6387.62,6388.51,6387.62,6388.11,26
2025-07-30 10:42:00,6388.1,6388.12,6387.62,6388.12,48
2025-07-30 10:43:00,6388.1,6390.11,6388.1,6389.41,29
2025-07-30 10:44:00,6389.41,6389.41,6388.62,6388.82,38
2025-07-30 10:45:00,6388.82,6389.11,6388.41,6388.61,38
2025-07-30 10:46:00,6388.6,6388.6,6388.09,6388.59,22
2025-07-30 10:47:00,6388.6,6388.6,6387.89,6388.39,21
2025-07-30 10:48:00,6388.4,6388.88,6388.38,6388.58,29
2025-07-30 10:49:00,6388.6,6388.91,6388.4,6388.91,21
2025-07-30 10:50:00,6388.91,6388.92,6388.62,6388.92,27
2025-07-30 10:51:00,6388.92,6388.92,6388.6,6388.62,22
2025-07-30 10:52:00,6388.6,6388.9,6388.58,6388.88,10
2025-07-30 10:53:00,6388.9,6389.42,6388.9,6389.42,16
2025-07-30 10:54:00,6389.42,6389.42,6388.92,6389.12,16
2025-07-30 10:55:00,6389.12,6389.51,6388.91,6389.41,19
2025-07-30 10:56:00,6389.4,6389.92,6389.22,6389.42,22
2025-07-30 10:57:00,6389.42,6389.62,6389.4,6389.52,17
2025-07-30 10:58:00,6389.5,6390.12,6389.5,6389.92,19
2025-07-30 10:59:00,6389.92,6389.92,6389.12,6389.42,11
2025-07-30 11:00:00,6389.42,6390.07,6389.07,6390.07,38
2025-07-30 11:01:00,6390.1,6391.12,6390.1,6391.12,35
2025-07-30 11:02:00,6391.12,6391.42,6390.42,6390.42,18
2025-07-30 11:03:00,6390.4,6391.08,6390.38,6391.08,12
2025-07-30 11:04:00,6391.1,6391.62,6390.92,6391.12,22
2025-07-30 11:05:00,6391.12,6391.12,6390.11,6390.41,24
2025-07-30 11:06:00,6390.41,6390.41,6389.59,6389.59,26
2025-07-30 11:07:00,6389.6,6390.07,6389.37,6390.07,12
2025-07-30 11:08:00,6390.1,6390.12,6389.1,6389.12,12
2025-07-30 11:09:00,6389.1,6389.1,6388.57,6388.87,16
2025-07-30 11:10:00,6388.87,6388.87,6387.38,6388.58,43
2025-07-30 11:11:00,6388.6,6388.9,6388.59,6388.89,22
2025-07-30 11:12:00,6388.9,6389.12,6388.42,6388.62,13
2025-07-30 11:13:00,6388.6,6388.6,6387.78,6388.08,16
2025-07-30 11:14:00,6388.08,6388.58,6387.58,6388.38,23
2025-07-30 11:15:00,6388.4,6388.52,6388.1,6388.12,13
2025-07-30 11:16:00,6388.1,6388.38,6387.58,6387.88,20
2025-07-30 11:17:00,6387.88,6388.1,6387.57,6387.87,20
2025-07-30 11:18:00,6387.9,6388.48,6387.88,6388.08,12
2025-07-30 11:19:00,6388.1,6388.1,6387.39,6387.39,13
2025-07-30 11:20:00,6387.39,6387.39,6385.37,6385.57,31
2025-07-30 11:21:00,6385.57,6385.87,6384.87,6385.37,51
2025-07-30 11:22:00,6385.4,6386.39,6385.39,6386.39,41
2025-07-30 11:23:00,6386.4,6386.62,6385.92,6386.12,18
2025-07-30 11:24:00,6386.1,6386.1,6385.38,6385.38,14
2025-07-30 11:25:00,6385.4,6386.07,6385.07,6386.07,20
2025-07-30 11:26:00,6386.07,6386.42,6384.82,6384.92,58
2025-07-30 11:27:00,6384.92,6385.37,6384.87,6385.07,39
2025-07-30 11:28:00,6385.1,6385.1,6384.37,6384.37,15
2025-07-30 11:29:00,6384.4,6384.57,6384.07,6384.37,17
2025-07-30 11:30:00,6384.4,6385.91,6383.61,6385.11,47
2025-07-30 11:31:00,6385.1,6385.93,6385.1,6385.93,30
2025-07-30 11:32:00,6385.9,6385.93,6384.6,6384.93,26
2025-07-30 11:33:00,6384.9,6385.41,6380.91,6381.41,48
2025-07-30 11:34:00,6381.41,6383.91,6381.11,6383.91,69
2025-07-30 11:35:00,6383.9,6384.92,6383.42,6384.42,36
2025-07-30 11:36:00,6384.4,6385.23,6384.4,6385.13,16
2025-07-30 11:37:00,6385.1,6385.53,6384.93,6385.13,25
2025-07-30 11:38:00,6385.13,6385.13,6384.12,6384.62,40
2025-07-30 11:39:00,6384.6,6384.6,6384.08,6384.38,11
2025-07-30 11:40:00,6384.38,6384.61,6384.01,6384.61,32
2025-07-30 11:41:00,6384.6,6385.13,6384.4,6384.93,17
2025-07-30 11:42:00,6384.93,6385.63,6384.93,6385.43,22
2025-07-30 11:43:00,6385.4,6386.12,6385.12,6386.12,24
2025-07-30 11:44:00,6386.12,6386.43,6385.63,6385.93,33
2025-07-30 11:45:00,6385.93,6385.93,6385.42,6385.92,19
2025-07-30 11:46:00,6385.92,6386.42,6385.62,6385.62,19
2025-07-30 11:47:00,6385.62,6386.39,6385.59,6386.39,27
2025-07-30 11:48:00,6386.4,6386.43,6385.63,6385.93,13
2025-07-30 11:49:00,6385.9,6386.01,6385.41,6385.91,13
2025-07-30 11:50:00,6385.9,6385.92,6384.92,6384.92,27
2025-07-30 11:51:00,6384.9,6385.57,6384.87,6385.57,16
2025-07-30 11:52:00,6385.6,6385.62,6385.12,6385.42,7
2025-07-30 11:53:00,6385.4,6386.08,6385.38,6386.08,17
2025-07-30 11:54:00,6386.1,6386.43,6386.1,6386.43,10
2025-07-30 11:55:00,6386.4,6386.43,6385.93,6385.93,19
2025-07-30 11:56:00,6385.9,6386.11,6385.61,6385.91,10
2025-07-30 11:57:00,6385.91,6386.08,6384.58,6384.88,17
2025-07-30 11:58:00,6384.88,6385.87,6384.57,6385.87,17
2025-07-30 11:59:00,6385.87,6386.12,6385.57,6385.62,15
2025-07-30 12:00:00,6385.6,6386.58,6385.28,6386.38,24
2025-07-30 12:01:00,6386.38,6386.63,6386.38,6386.63,14
2025-07-30 12:02:00,6386.63,6386.63,6386.4,6386.62,9
2025-07-30 12:03:00,6386.6,6386.62,6384.92,6386.12,49
2025-07-30 12:04:00,6386.12,6386.41,6385.81,6385.91,23
2025-07-30 12:05:00,6385.9,6386.11,6385.61,6386.11,19
2025-07-30 12:06:00,6386.1,6386.62,6385.92,6386.62,11
2025-07-30 12:07:00,6386.6,6386.93,6386.43,6386.93,18
2025-07-30 12:08:00,6386.93,6387.12,6386.42,6386.62,21
2025-07-30 12:09:00,6386.6,6387.12,6386.6,6386.92,21
2025-07-30 12:10:00,6386.9,6386.93,6386.4,6386.43,26
2025-07-30 12:11:00,6386.4,6386.68,6386.38,6386.58,13
2025-07-30 12:12:00,6386.6,6386.62,6386.42,6386.62,20
2025-07-30 12:13:00,6386.62,6386.92,6386.12,6386.92,26
2025-07-30 12:14:00,6386.92,6387.12,6386.62,6386.92,21
2025-07-30 12:15:00,6386.9,6387.62,6386.9,6387.62,10
2025-07-30 12:16:00,6387.6,6387.63,6387.13,6387.63,23
2025-07-30 12:17:00,6387.6,6387.92,6387.6,6387.92,8
2025-07-30 12:18:00,6387.9,6388.93,6387.9,6388.43,19
2025-07-30 12:19:00,6388.4,6388.42,6387.62,6387.92,10
2025-07-30 12:20:00,6387.9,6388.08,6386.88,6386.88,13
2025-07-30 12:21:00,6386.9,6386.9,6386.37,6386.87,11
2025-07-30 12:22:00,6386.9,6386.9,6386.38,6386.58,12
2025-07-30 12:23:00,6386.6,6386.88,6386.58,6386.58,11
2025-07-30 12:24:00,6386.6,6386.6,6386.08,6386.28,10
2025-07-30 12:25:00,6386.3,6386.37,6385.87,6386.37,17
2025-07-30 12:26:00,6386.4,6387.11,6386.11,6386.11,18
2025-07-30 12:27:00,6386.11,6386.41,6386.08,6386.38,8
2025-07-30 12:28:00,6386.4,6386.6,6386.39,6386.59,9
2025-07-30 12:29:00,6386.59,6386.62,6386.12,6386.12,13
2025-07-30 12:30:00,6386.1,6386.4,6386.07,6386.37,20
2025-07-30 12:31:00,6386.4,6386.42,6385.62,6385.62,15
2025-07-30 12:32:00,6385.6,6385.87,6385.57,6385.87,13
2025-07-30 12:33:00,6385.9,6385.9,6384.88,6384.88,14
2025-07-30 12:34:00,6384.9,6384.9,6384.07,6384.87,23
2025-07-30 12:35:00,6384.87,6385.08,6384.57,6384.58,23
2025-07-30 12:36:00,6384.6,6384.77,6384.37,6384.37,27
2025-07-30 12:37:00,6384.4,6384.4,6384.07,6384.37,16
2025-07-30 12:38:00,6384.4,6384.61,6384.4,6384.41,6
2025-07-30 12:39:00,6384.41,6384.42,6384.4,6384.42,5
2025-07-30 12:40:00,6384.4,6385.38,6384.38,6385.38,12
2025-07-30 12:41:00,6385.4,6385.63,6385.13,6385.43,22
2025-07-30 12:42:00,6385.43,6385.92,6385.4,6385.62,28
2025-07-30 12:43:00,6385.6,6385.63,6384.9,6384.93,16
2025-07-30 12:44:00,6384.9,6384.9,6384.57,6384.57,6
2025-07-30 12:45:00,6384.6,6384.6,6384.07,6384.37,24
2025-07-30 12:46:00,6384.4,6385.08,6384.38,6385.08,11
2025-07-30 12:47:00,6385.08,6385.43,6385.08,6385.43,14
2025-07-30 12:48:00,6385.43,6385.43,6384.92,6385.12,12
2025-07-30 12:49:00,6385.1,6385.91,6385.1,6385.61,13
2025-07-30 12:50:00,6385.6,6385.62,6384.92,6384.92,14
2025-07-30 12:51:00,6384.9,6384.9,6384.38,6384.88,13
2025-07-30 12:52:00,6384.88,6385.09,6384.79,6385.09,15
2025-07-30 12:53:00,6385.1,6385.13,6384.63,6384.93,9
2025-07-30 12:54:00,6384.9,6384.92,6384.6,6384.92,10
2025-07-30 12:55:00,6384.92,6386.41,6384.61,6386.11,41
2025-07-30 12:56:00,6386.11,6387.63,6385.63,6387.63,45
2025-07-30 12:57:00,6387.63,6388.13,6387.43,6387.63,27
2025-07-30 12:58:00,6387.6,6387.92,6387.4,6387.62,13
2025-07-30 12:59:00,6387.6,6388.12,6387.6,6388.12,23
2025-07-30 13:00:00,6388.12,6389.12,6388.12,6388.42,34
2025-07-30 13:01:00,6388.4,6388.92,6388.12,6388.62,26
2025-07-30 13:02:00,6388.6,6389.12,6388.42,6388.62,15
2025-07-30 13:03:00,6388.6,6388.91,6387.61,6387.91,28
2025-07-30 13:04:00,6387.9,6388.58,6387.88,6388.08,20
2025-07-30 13:05:00,6388.1,6388.1,6387.49,6387.89,12
2025-07-30 13:06:00,6387.9,6388.1,6387.39,6387.89,17
2025-07-30 13:07:00,6387.9,6388.08,6387.58,6387.58,8
2025-07-30 13:08:00,6387.6,6388.08,6387.38,6387.58,20
2025-07-30 13:09:00,6387.6,6387.88,6387.08,6387.08,12
2025-07-30 13:10:00,6387.1,6387.67,6386.87,6387.67,11
2025-07-30 13:11:00,6387.67,6388.59,6387.59,6388.39,18
2025-07-30 13:12:00,6388.4,6389.12,6388.4,6388.62,34
2025-07-30 13:13:00,6388.6,6389.09,6388.39,6388.89,21
2025-07-30 13:14:00,6388.9,6388.92,6388.42,6388.92,11
2025-07-30 13:15:00,6388.9,6389.12,6388.62,6388.92,8
2025-07-30 13:16:00,6388.9,6389.12,6388.52,6388.62,11
2025-07-30 13:17:00,6388.6,6388.6,6388.38,6388.58,9
2025-07-30 13:18:00,6388.6,6389.18,6388.58,6389.08,22
2025-07-30 13:19:00,6389.1,6389.42,6388.92,6389.12,12
2025-07-30 13:20:00,6389.1,6389.42,6389.1,6389.42,7
2025-07-30 13:21:00,6389.42,6389.92,6389.4,6389.42,14
2025-07-30 13:22:00,6389.4,6389.62,6388.62,6388.62,16
2025-07-30 13:23:00,6388.62,6389.1,6388.62,6388.87,16
2025-07-30 13:24:00,6388.87,6389.1,6388.48,6388.58,11
2025-07-30 13:25:00,6388.6,6388.87,6388.07,6388.87,21
2025-07-30 13:26:00,6388.9,6388.9,6387.89,6387.89,16
2025-07-30 13:27:00,6387.9,6388.37,6387.27,6387.57,31
2025-07-30 13:28:00,6387.6,6388.37,6387.57,6387.87,18
2025-07-30 13:29:00,6387.9,6388.38,6387.88,6388.38,9
2025-07-30 13:30:00,6388.4,6388.62,6387.92,6388.42,12
2025-07-30 13:31:00,6388.4,6388.42,6388.1,6388.12,9
2025-07-30 13:32:00,6388.1,6388.38,6387.78,6387.88,15
2025-07-30 13:33:00,6387.9,6387.9,6387.48,6387.88,8
2025-07-30 13:34:00,6387.9,6388.08,6387.58,6387.88,16
2025-07-30 13:35:00,6387.9,6388.38,6387.48,6388.08,12
2025-07-30 13:36:00,6388.1,6388.9,6388.09,6388.59,29
2025-07-30 13:37:00,6388.6,6388.92,6388.6,6388.92,5
2025-07-30 13:38:00,6388.9,6388.92,6388.52,6388.92,14
2025-07-30 13:39:00,6388.92,6389.12,6388.6,6389.12,21
2025-07-30 13:40:00,6389.1,6389.43,6388.93,6389.13,19
2025-07-30 13:41:00,6389.1,6389.12,6388.9,6389.12,8
2025-07-30 13:42:00,6389.1,6389.11,6388.91,6389.11,11
2025-07-30 13:43:00,6389.11,6389.12,6388.9,6388.92,20
2025-07-30 13:44:00,6388.9,6389.08,6388.88,6388.88,6
2025-07-30 13:45:00,6388.9,6388.98,6388.58,6388.98,15
2025-07-30 13:46:00,6388.98,6389.42,6388.88,6389.42,12
2025-07-30 13:47:00,6389.4,6389.43,6389.13,6389.13,5
2025-07-30 13:48:00,6389.1,6389.12,6389.1,6389.12,6
2025-07-30 13:49:00,6389.1,6389.39,6389.09,6389.39,3
2025-07-30 13:50:00,6389.4,6389.43,6388.63,6388.63,22
2025-07-30 13:51:00,6388.6,6388.6,6388.37,6388.37,8
2025-07-30 13:52:00,6388.4,6388.58,6388.08,6388.18,22
2025-07-30 13:53:00,6388.2,6388.38,6387.88,6388.08,13
2025-07-30 13:54:00,6388.1,6388.58,6388.08,6388.38,7
2025-07-30 13:55:00,6388.4,6388.41,6388.11,6388.41,12
2025-07-30 13:56:00,6388.41,6388.91,6388.41,6388.61,21
2025-07-30 13:57:00,6388.6,6389.42,6388.6,6389.42,20
2025-07-30 13:58:00,6389.4,6389.43,6389.13,6389.43,11
2025-07-30 13:59:00,6389.4,6389.93,6389.4,6389.93,16
2025-07-30 14:00:00,6389.93,6389.93,6389.33,6389.43,39
2025-07-30 14:01:00,6389.43,6389.89,6389.39,6389.59,20
2025-07-30 14:02:00,6389.6,6389.91,6389.41,6389.61,13
2025-07-30 14:03:00,6389.61,6389.62,6389.12,6389.42,18
2025-07-30 14:04:00,6389.4,6389.9,6389.38,6389.88,12
2025-07-30 14:05:00,6389.9,6390.02,6388.82,6388.92,30
2025-07-30 14:06:00,6388.92,6389.87,6388.87,6389.57,17
2025-07-30 14:07:00,6389.6,6389.92,6389.42,6389.62,11
2025-07-30 14:08:00,6389.6,6389.82,6389.42,6389.62,7
2025-07-30 14:09:00,6389.6,6389.62,6389.42,6389.62,7
2025-07-30 14:10:00,6389.6,6390.91,6389.6,6390.61,19
2025-07-30 14:11:00,6390.6,6390.63,6390.13,6390.43,13
2025-07-30 14:12:00,6390.4,6390.92,6390.4,6390.72,14
2025-07-30 14:13:00,6390.7,6390.92,6390.12,6390.12,16
2025-07-30 14:14:00,6390.1,6390.1,6388.57,6388.77,16
2025-07-30 14:15:00,6388.77,6389.57,6388.77,6389.07,18
2025-07-30 14:16:00,6389.1,6389.38,6388.88,6389.08,10
2025-07-30 14:17:00,6389.08,6389.88,6388.58,6389.48,24
2025-07-30 14:18:00,6389.48,6389.58,6389.01,6389.11,22
2025-07-30 14:19:00,6389.11,6389.68,6389.01,6389.58,14
2025-07-30 14:20:00,6389.6,6389.92,6389.6,6389.92,8
2025-07-30 14:21:00,6389.92,6389.92,6389.42,6389.42,7
2025-07-30 14:22:00,6389.42,6389.42,6388.58,6389.38,19
2025-07-30 14:23:00,6389.4,6389.58,6389.08,6389.38,10
2025-07-30 14:24:00,6389.4,6389.4,6389.38,6389.38,6
2025-07-30 14:25:00,6389.4,6389.58,6389.08,6389.58,9
2025-07-30 14:26:00,6389.6,6389.92,6389.6,6389.92,5
2025-07-30 14:27:00,6389.9,6390.93,6389.9,6390.93,12
2025-07-30 14:28:00,6390.9,6391.43,6390.63,6390.63,16
2025-07-30 14:29:00,6390.6,6390.6,6390.09,6390.39,8
2025-07-30 14:30:00,6390.4,6390.88,6390.38,6390.58,6
2025-07-30 14:31:00,6390.6,6391.11,6390.4,6390.91,13
